"course_id","user_id","mod_hex_id","time","period","attempts","grade","max_grade","success"
"course-v1:MITxPRO+AMxB+1T2018","A179980","401ee1f6f3684be7b6124490f34adc5a","2018-05-03 01:59:19",0.0166666666666667,NA,NA,NA,NA
"course-v1:MITxPRO+AMxB+1T2018","A179980","401ee1f6f3684be7b6124490f34adc5a","2018-05-03 01:59:20",0.166666666666667,NA,NA,NA,NA
"course-v1:MITxPRO+AMxB+1T2018","A179980","401ee1f6f3684be7b6124490f34adc5a","2018-05-03 01:59:30",0,NA,NA,NA,NA
"course-v1:MITxPRO+AMxB+1T2018","A179980","27bf430c96cb4d8da7368c4697de187b","2018-05-03 01:59:30",0.0166666666666667,NA,NA,NA,NA
"course-v1:MITxPRO+AMxB+1T2018","A179980","27bf430c96cb4d8da7368c4697de187b","2018-05-03 01:59:51",0.35,NA,NA,NA,NA
"course-v1:MITxPRO+AMxB+1T2018","A179980","9b9fc7fd30954d7d9ad7d8f8e1cc11d8","2018-05-03 02:00:12",0.1,NA,NA,NA,NA
"course-v1:MITxPRO+AMxB+1T2018","A179980","27bf430c96cb4d8da7368c4697de187b","2018-05-03 02:00:18",0.983333333333333,NA,NA,NA,NA
"course-v1:MITxPRO+AMxB+1T2018","A179980","27bf430c96cb4d8da7368c4697de187b","2018-05-03 02:01:17",0.05,NA,NA,NA,NA
"course-v1:MITxPRO+AMxB+1T2018","A179980","27bf430c96cb4d8da7368c4697de187b","2018-05-03 02:01:20",0,NA,NA,NA,NA
"course-v1:MITxPRO+AMxB+1T2018","A179980","27bf430c96cb4d8da7368c4697de187b","2018-05-03 02:01:20",0.05,NA,NA,NA,NA
"course-v1:MITxPRO+AMxB+1T2018","A179980","27bf430c96cb4d8da7368c4697de187b","2018-05-03 02:01:23",0.116666666666667,NA,NA,NA,NA
"course-v1:MITxPRO+AMxB+1T2018","A179980","27bf430c96cb4d8da7368c4697de187b","2018-05-03 02:01:30",0.0333333333333333,NA,NA,NA,NA
"course-v1:MITxPRO+AMxB+1T2018","A179980","9b9fc7fd30954d7d9ad7d8f8e1cc11d8","2018-05-03 02:01:32",0.0166666666666667,NA,NA,NA,NA
"course-v1:MITxPRO+AMxB+1T2018","A179980","27bf430c96cb4d8da7368c4697de187b","2018-05-03 02:01:33",0.333333333333333,NA,NA,NA,NA
"course-v1:MITxPRO+AMxB+1T2018","A179980","27bf430c96cb4d8da7368c4697de187b","2018-05-03 02:01:53",0,NA,NA,NA,NA
"course-v1:MITxPRO+AMxB+1T2018","A179980","27bf430c96cb4d8da7368c4697de187b","2018-05-03 02:01:54",0.0666666666666667,NA,NA,NA,NA
"course-v1:MITxPRO+AMxB+1T2018","A179980","401ee1f6f3684be7b6124490f34adc5a","2018-05-03 02:01:58",0.0166666666666667,NA,NA,NA,NA
"course-v1:MITxPRO+AMxB+1T2018","A179980","401ee1f6f3684be7b6124490f34adc5a","2018-05-03 02:02:06",0.0833333333333333,NA,NA,NA,NA
"course-v1:MITxPRO+AMxB+1T2018","A179980","27bf430c96cb4d8da7368c4697de187b","2018-05-03 02:09:49",12.9833333333333,NA,NA,NA,NA
"course-v1:MITxPRO+AMxB+1T2018","A179980","9b9fc7fd30954d7d9ad7d8f8e1cc11d8","2018-05-03 02:25:08",3.08333333333333,1,1,1,"correct"
"course-v1:MITxPRO+AMxB+1T2018","A179980","a137964dcca34365ba31a7563531e07b","2018-05-03 03:19:17",0.933333333333333,1,1,1,"correct"
"course-v1:MITxPRO+AMxB+1T2018","A179980","5fa68b182e974d6b82927d21dd4e4f9a","2018-05-03 03:20:13",1.26666666666667,1,1,1,"correct"
"course-v1:MITxPRO+AMxB+1T2018","A179980","b0a012fae6fe4eb0af63473d516476b7","2018-05-03 03:21:29",0.516666666666667,1,1,1,"correct"
"course-v1:MITxPRO+AMxB+1T2018","A179980","4be29d7cb0e4400887b4848365b47a4d","2018-05-03 03:23:23",0.266666666666667,1,1,1,"correct"
"course-v1:MITxPRO+AMxB+1T2018","A179980","8288c793632d4a81a50ef5e13bf8911c","2018-05-03 03:23:39",0.233333333333333,1,1,1,"correct"
"course-v1:MITxPRO+AMxB+1T2018","A179980","083e170a98cc47909270dde338cffbff","2018-05-03 03:23:53",0.616666666666667,1,1,1,"correct"
"course-v1:MITxPRO+AMxB+1T2018","A179980","091e476b9c794d019c1660622a3a12f6","2018-05-03 03:40:01",0.666666666666667,1,1,1,"correct"
"course-v1:MITxPRO+AMxB+1T2018","A179980","d4f85f1570bf4ced82ef64cab4fa68f4","2018-05-03 03:40:41",2,1,1,1,"correct"
"course-v1:MITxPRO+AMxB+1T2018","A179980","ca856b87daac457ab8b54e03644f4264","2018-05-03 03:42:41",1.51666666666667,1,1,1,"correct"
"course-v1:MITxPRO+AMxB+1T2018","A179980","f0d9ed3b227a456f85ef40f79f56e546","2018-05-03 03:44:12",0.7,1,1,1,"correct"
"course-v1:MITxPRO+AMxB+1T2018","A179980","d59550403f9b49628189ff34f74d3b3d","2018-05-03 03:44:54",1.53333333333333,1,1,1,"correct"
"course-v1:MITxPRO+AMxB+1T2018","A179980","432e2e03af924d10b164b60c5fcb86a1","2018-05-03 03:46:26",0.183333333333333,1,1,1,"correct"
"course-v1:MITxPRO+AMxB+1T2018","A179980","c69e8c4f31b84da1819bfbd83719e7d2","2018-05-09 04:18:12",0.883333333333333,1,1,1,"correct"
"course-v1:MITxPRO+AMxB+1T2018","A179980","b30f0577ae11446a85aff7721bcfcf2f","2018-05-09 04:19:05",0.583333333333333,1,1,1,"correct"
"course-v1:MITxPRO+AMxB+1T2018","A179980","b6a4f407524b40eeb08d984b32836876","2018-05-09 04:19:40",1.61666666666667,1,1,1,"correct"
"course-v1:MITxPRO+AMxB+1T2018","A179980","83df58e45bca4a728eb3dcb87532e1a1","2018-05-09 04:21:17",1.85,1,1,1,"correct"
"course-v1:MITxPRO+AMxB+1T2018","A179980","1a4bb735ff0049dba3a0633edf68276a","2018-05-09 04:23:08",2.76666666666667,1,1,1,"correct"
"course-v1:MITxPRO+AMxB+1T2018","A179980","7228edcdafd748a8ba059ace1ec6a202","2018-05-09 04:25:54",2.86666666666667,1,1,1,"correct"
"course-v1:MITxPRO+AMxB+1T2018","A179980","2afff631870d43df9cf42c91ff1c375f","2018-05-09 04:41:47",0.633333333333333,1,1,1,"correct"
"course-v1:MITxPRO+AMxB+1T2018","A179980","25a120914939487ab01f3e320cb238f4","2018-05-09 04:42:25",0.0666666666666667,1,0,1,"incorrect"
"course-v1:MITxPRO+AMxB+1T2018","A179980","25a120914939487ab01f3e320cb238f4","2018-05-09 04:42:29",0.183333333333333,2,1,1,"correct"
"course-v1:MITxPRO+AMxB+1T2018","A179980","a8413f2779a14150bf1c83e9f5ea447c","2018-05-09 04:42:40",0.266666666666667,1,1,1,"correct"
"course-v1:MITxPRO+AMxB+1T2018","A179980","53b450f515af46c3b1eb571ec6d1fd4c","2018-05-09 04:42:56",0.216666666666667,1,1,1,"correct"
"course-v1:MITxPRO+AMxB+1T2018","A179980","905f0cf9e2374c818bf1263e9d7e2c00","2018-05-09 04:43:09",0.25,1,1,1,"correct"
"course-v1:MITxPRO+AMxB+1T2018","A179980","c9b70711831043beafffd7e1f034a339","2018-05-09 04:55:02",1.63333333333333,1,1,1,"correct"
"course-v1:MITxPRO+AMxB+1T2018","A179980","6dfd127f3e874ed3912d3372db0b3d35","2018-05-09 04:56:40",0.55,1,1,1,"correct"
"course-v1:MITxPRO+AMxB+1T2018","A179980","75e15653e2d84fcd84a2b1b2c0949dd0","2018-05-09 04:57:13",0.216666666666667,1,1,1,"correct"
"course-v1:MITxPRO+AMxB+1T2018","A179980","8b1109f1bac740fc8974fb4eca386560","2018-05-10 01:46:20",0.1,NA,NA,NA,NA
"course-v1:MITxPRO+AMxB+1T2018","A179980","d5d74cf927094b04951635356b2c61a0","2018-05-10 01:46:26",0.466666666666667,NA,NA,NA,NA
"course-v1:MITxPRO+AMxB+1T2018","A179980","8b1109f1bac740fc8974fb4eca386560","2018-05-10 01:46:54",0.05,NA,NA,NA,NA
"course-v1:MITxPRO+AMxB+1T2018","A179980","d5d74cf927094b04951635356b2c61a0","2018-05-10 01:46:57",0.5,NA,NA,NA,NA
"course-v1:MITxPRO+AMxB+1T2018","A179980","d5d74cf927094b04951635356b2c61a0","2018-05-10 01:47:27",7.41666666666667,NA,NA,NA,NA
"course-v1:MITxPRO+AMxB+1T2018","A179980","8b1109f1bac740fc8974fb4eca386560","2018-05-10 01:55:06",0.0333333333333333,NA,NA,NA,NA
"course-v1:MITxPRO+AMxB+1T2018","A179980","2bd1769f30ce460b8cf38f3b71207d38","2018-05-10 01:55:08",0,NA,NA,NA,NA
"course-v1:MITxPRO+AMxB+1T2018","A179980","043d02d4e89541cdb2c73ca0d2eca377","2018-05-10 01:55:57",0.0166666666666667,NA,NA,NA,NA
"course-v1:MITxPRO+AMxB+1T2018","A179980","043d02d4e89541cdb2c73ca0d2eca377","2018-05-10 01:55:58",0.0833333333333333,NA,NA,NA,NA
"course-v1:MITxPRO+AMxB+1T2018","A179980","1ee01257a4174216a0bf6d64ad67decf","2018-05-10 01:56:03",0.0333333333333333,NA,NA,NA,NA
"course-v1:MITxPRO+AMxB+1T2018","A179980","043d02d4e89541cdb2c73ca0d2eca377","2018-05-10 01:56:05",0.0166666666666667,NA,NA,NA,NA
"course-v1:MITxPRO+AMxB+1T2018","A179980","5fe15241fc4840f1a7fb294182265c39","2018-05-10 01:56:06",0.05,NA,NA,NA,NA
"course-v1:MITxPRO+AMxB+1T2018","A179980","f3cfda7ffa804facb0183da6497283a6","2018-05-10 01:56:09",0,NA,NA,NA,NA
"course-v1:MITxPRO+AMxB+1T2018","A179980","5fe15241fc4840f1a7fb294182265c39","2018-05-10 01:56:14",0.183333333333333,NA,NA,NA,NA
"course-v1:MITxPRO+AMxB+1T2018","A179980","2bd1769f30ce460b8cf38f3b71207d38","2018-05-10 01:56:25",0.0166666666666667,NA,NA,NA,NA
"course-v1:MITxPRO+AMxB+1T2018","A179980","2ad839c226ab44539d98e2a1e84e439f","2018-05-10 01:57:04",0,NA,NA,NA,NA
"course-v1:MITxPRO+AMxB+1T2018","A179980","2ad839c226ab44539d98e2a1e84e439f","2018-05-10 01:57:04",0.15,NA,NA,NA,NA
"course-v1:MITxPRO+AMxB+1T2018","A179980","2ad839c226ab44539d98e2a1e84e439f","2018-05-10 01:58:21",1.9,NA,NA,NA,NA
"course-v1:MITxPRO+AMxB+1T2018","A179980","19f5efdd71494972b03a02f445dc98fa","2018-05-10 02:00:15",0,NA,NA,NA,NA
"course-v1:MITxPRO+AMxB+1T2018","A179980","19f5efdd71494972b03a02f445dc98fa","2018-05-10 02:00:15",0,NA,NA,NA,NA
"course-v1:MITxPRO+AMxB+1T2018","A179980","19f5efdd71494972b03a02f445dc98fa","2018-05-10 02:00:15",0,NA,NA,NA,NA
"course-v1:MITxPRO+AMxB+1T2018","A179980","19f5efdd71494972b03a02f445dc98fa","2018-05-10 02:00:15",0,NA,NA,NA,NA
"course-v1:MITxPRO+AMxB+1T2018","A179980","19f5efdd71494972b03a02f445dc98fa","2018-05-10 02:00:15",0,NA,NA,NA,NA
"course-v1:MITxPRO+AMxB+1T2018","A179980","2ad839c226ab44539d98e2a1e84e439f","2018-05-10 02:00:15",0,NA,NA,NA,NA
"course-v1:MITxPRO+AMxB+1T2018","A179980","19f5efdd71494972b03a02f445dc98fa","2018-05-10 02:00:15",0,NA,NA,NA,NA
"course-v1:MITxPRO+AMxB+1T2018","A179980","19f5efdd71494972b03a02f445dc98fa","2018-05-10 02:00:15",0,NA,NA,NA,NA
"course-v1:MITxPRO+AMxB+1T2018","A179980","19f5efdd71494972b03a02f445dc98fa","2018-05-10 02:00:15",6.56666666666667,NA,NA,NA,NA
"course-v1:MITxPRO+AMxB+1T2018","A179980","c076a6e427c34d0c99c5bb95cbce05e5","2018-05-10 02:06:49",40.45,NA,NA,NA,NA
"course-v1:MITxPRO+AMxB+1T2018","A179980","19f5efdd71494972b03a02f445dc98fa","2018-05-10 02:47:16",0,NA,NA,NA,NA
"course-v1:MITxPRO+AMxB+1T2018","A179980","19f5efdd71494972b03a02f445dc98fa","2018-05-10 02:47:16",0,NA,NA,NA,NA
"course-v1:MITxPRO+AMxB+1T2018","A179980","2ad839c226ab44539d98e2a1e84e439f","2018-05-10 02:47:16",0,NA,NA,NA,NA
"course-v1:MITxPRO+AMxB+1T2018","A179980","19f5efdd71494972b03a02f445dc98fa","2018-05-10 02:47:16",0,NA,NA,NA,NA
"course-v1:MITxPRO+AMxB+1T2018","A179980","19f5efdd71494972b03a02f445dc98fa","2018-05-10 02:47:16",0.0166666666666667,NA,NA,NA,NA
"course-v1:MITxPRO+AMxB+1T2018","A179980","19f5efdd71494972b03a02f445dc98fa","2018-05-10 02:47:17",0,NA,NA,NA,NA
"course-v1:MITxPRO+AMxB+1T2018","A179980","19f5efdd71494972b03a02f445dc98fa","2018-05-10 02:47:17",0,NA,NA,NA,NA
"course-v1:MITxPRO+AMxB+1T2018","A179980","19f5efdd71494972b03a02f445dc98fa","2018-05-10 02:47:17",0,NA,NA,NA,NA
"course-v1:MITxPRO+AMxB+1T2018","A179980","19f5efdd71494972b03a02f445dc98fa","2018-05-10 02:47:17",2.8,NA,NA,NA,NA
"course-v1:MITxPRO+AMxB+1T2018","A179980","19f5efdd71494972b03a02f445dc98fa","2018-05-10 02:50:05",0,NA,NA,NA,NA
"course-v1:MITxPRO+AMxB+1T2018","A179980","19f5efdd71494972b03a02f445dc98fa","2018-05-10 02:50:05",4.01666666666667,NA,NA,NA,NA
"course-v1:MITxPRO+AMxB+1T2018","A179980","19f5efdd71494972b03a02f445dc98fa","2018-05-10 02:54:06",0.0166666666666667,NA,NA,NA,NA
"course-v1:MITxPRO+AMxB+1T2018","A179980","19f5efdd71494972b03a02f445dc98fa","2018-05-10 02:54:07",2.3,NA,NA,NA,NA
"course-v1:MITxPRO+AMxB+1T2018","A179980","19f5efdd71494972b03a02f445dc98fa","2018-05-10 02:56:25",0.0166666666666667,NA,NA,NA,NA
"course-v1:MITxPRO+AMxB+1T2018","A179980","19f5efdd71494972b03a02f445dc98fa","2018-05-10 02:56:26",0.6,NA,NA,NA,NA
"course-v1:MITxPRO+AMxB+1T2018","A179980","19f5efdd71494972b03a02f445dc98fa","2018-05-10 02:57:02",0,NA,NA,NA,NA
"course-v1:MITxPRO+AMxB+1T2018","A179980","19f5efdd71494972b03a02f445dc98fa","2018-05-10 02:57:02",1.68333333333333,NA,NA,NA,NA
"course-v1:MITxPRO+AMxB+1T2018","A179980","19f5efdd71494972b03a02f445dc98fa","2018-05-10 02:58:43",0,NA,NA,NA,NA
"course-v1:MITxPRO+AMxB+1T2018","A179980","19f5efdd71494972b03a02f445dc98fa","2018-05-10 02:58:43",4.4,NA,NA,NA,NA
"course-v1:MITxPRO+AMxB+1T2018","A179980","19f5efdd71494972b03a02f445dc98fa","2018-05-10 03:03:07",0,NA,NA,NA,NA
"course-v1:MITxPRO+AMxB+1T2018","A179980","19f5efdd71494972b03a02f445dc98fa","2018-05-10 03:03:07",14.6333333333333,NA,NA,NA,NA
"course-v1:MITxPRO+AMxB+1T2018","A179980","19f5efdd71494972b03a02f445dc98fa","2018-05-10 03:17:45",0,NA,NA,NA,NA
"course-v1:MITxPRO+AMxB+1T2018","A179980","19f5efdd71494972b03a02f445dc98fa","2018-05-10 03:17:45",3.48333333333333,NA,NA,NA,NA
"course-v1:MITxPRO+AMxB+1T2018","A179980","19f5efdd71494972b03a02f445dc98fa","2018-05-10 03:21:14",0.0166666666666667,NA,NA,NA,NA
"course-v1:MITxPRO+AMxB+1T2018","A179980","19f5efdd71494972b03a02f445dc98fa","2018-05-10 03:21:15",9.41666666666667,NA,NA,NA,NA
"course-v1:MITxPRO+AMxB+1T2018","A179980","19f5efdd71494972b03a02f445dc98fa","2018-05-10 03:30:40",0,NA,NA,NA,NA
"course-v1:MITxPRO+AMxB+1T2018","A179980","19f5efdd71494972b03a02f445dc98fa","2018-05-10 03:30:40",4.85,NA,NA,NA,NA
"course-v1:MITxPRO+AMxB+1T2018","A179980","19f5efdd71494972b03a02f445dc98fa","2018-05-10 03:35:31",0.0166666666666667,NA,NA,NA,NA
"course-v1:MITxPRO+AMxB+1T2018","A179980","19f5efdd71494972b03a02f445dc98fa","2018-05-10 03:35:32",0.35,NA,NA,NA,NA
"course-v1:MITxPRO+AMxB+1T2018","A179980","19f5efdd71494972b03a02f445dc98fa","2018-05-10 03:35:53",0,NA,NA,NA,NA
"course-v1:MITxPRO+AMxB+1T2018","A179980","19f5efdd71494972b03a02f445dc98fa","2018-05-10 03:35:53",0,NA,NA,NA,NA
"course-v1:MITxPRO+AMxB+1T2018","A179980","19f5efdd71494972b03a02f445dc98fa","2018-05-10 03:35:53",0,NA,NA,NA,NA
"course-v1:MITxPRO+AMxB+1T2018","A179980","19f5efdd71494972b03a02f445dc98fa","2018-05-10 03:35:53",0,NA,NA,NA,NA
"course-v1:MITxPRO+AMxB+1T2018","A179980","19f5efdd71494972b03a02f445dc98fa","2018-05-10 03:35:53",0,NA,NA,NA,NA
"course-v1:MITxPRO+AMxB+1T2018","A179980","19f5efdd71494972b03a02f445dc98fa","2018-05-10 03:35:53",0,NA,NA,NA,NA
"course-v1:MITxPRO+AMxB+1T2018","A179980","19f5efdd71494972b03a02f445dc98fa","2018-05-10 03:35:53",0,NA,NA,NA,NA
"course-v1:MITxPRO+AMxB+1T2018","A179980","19f5efdd71494972b03a02f445dc98fa","2018-05-10 03:35:53",0,NA,NA,NA,NA
"course-v1:MITxPRO+AMxB+1T2018","A179980","19f5efdd71494972b03a02f445dc98fa","2018-05-10 03:35:53",0,NA,NA,NA,NA
"course-v1:MITxPRO+AMxB+1T2018","A179980","19f5efdd71494972b03a02f445dc98fa","2018-05-10 03:35:53",0,NA,NA,NA,NA
"course-v1:MITxPRO+AMxB+1T2018","A179980","19f5efdd71494972b03a02f445dc98fa","2018-05-10 03:35:53",14.5833333333333,NA,NA,NA,NA
"course-v1:MITxPRO+AMxB+1T2018","A179980","19f5efdd71494972b03a02f445dc98fa","2018-05-10 03:50:28",0,NA,NA,NA,NA
"course-v1:MITxPRO+AMxB+1T2018","A179980","19f5efdd71494972b03a02f445dc98fa","2018-05-10 03:50:28",0,NA,NA,NA,NA
"course-v1:MITxPRO+AMxB+1T2018","A179980","19f5efdd71494972b03a02f445dc98fa","2018-05-10 03:50:28",0,NA,NA,NA,NA
"course-v1:MITxPRO+AMxB+1T2018","A179980","19f5efdd71494972b03a02f445dc98fa","2018-05-10 03:50:28",0,NA,NA,NA,NA
"course-v1:MITxPRO+AMxB+1T2018","A179980","19f5efdd71494972b03a02f445dc98fa","2018-05-10 03:50:28",0.0166666666666667,NA,NA,NA,NA
"course-v1:MITxPRO+AMxB+1T2018","A179980","19f5efdd71494972b03a02f445dc98fa","2018-05-10 03:50:29",0,NA,NA,NA,NA
"course-v1:MITxPRO+AMxB+1T2018","A179980","19f5efdd71494972b03a02f445dc98fa","2018-05-10 03:50:29",0,NA,NA,NA,NA
"course-v1:MITxPRO+AMxB+1T2018","A179980","19f5efdd71494972b03a02f445dc98fa","2018-05-10 03:50:29",0,NA,NA,NA,NA
"course-v1:MITxPRO+AMxB+1T2018","A179980","19f5efdd71494972b03a02f445dc98fa","2018-05-10 03:50:29",0,NA,NA,NA,NA
"course-v1:MITxPRO+AMxB+1T2018","A179980","19f5efdd71494972b03a02f445dc98fa","2018-05-10 03:50:29",0,NA,NA,NA,NA
"course-v1:MITxPRO+AMxB+1T2018","A179980","19f5efdd71494972b03a02f445dc98fa","2018-05-10 03:50:29",1.08333333333333,NA,NA,NA,NA
"course-v1:MITxPRO+AMxB+1T2018","A179980","19f5efdd71494972b03a02f445dc98fa","2018-05-10 03:51:34",0,NA,NA,NA,NA
"course-v1:MITxPRO+AMxB+1T2018","A179980","19f5efdd71494972b03a02f445dc98fa","2018-05-10 03:51:34",0,NA,NA,NA,NA
"course-v1:MITxPRO+AMxB+1T2018","A179980","19f5efdd71494972b03a02f445dc98fa","2018-05-10 03:51:34",0,NA,NA,NA,NA
"course-v1:MITxPRO+AMxB+1T2018","A179980","19f5efdd71494972b03a02f445dc98fa","2018-05-10 03:51:34",0,NA,NA,NA,NA
"course-v1:MITxPRO+AMxB+1T2018","A179980","19f5efdd71494972b03a02f445dc98fa","2018-05-10 03:51:34",0.0166666666666667,NA,NA,NA,NA
"course-v1:MITxPRO+AMxB+1T2018","A179980","19f5efdd71494972b03a02f445dc98fa","2018-05-10 03:51:35",0,NA,NA,NA,NA
"course-v1:MITxPRO+AMxB+1T2018","A179980","19f5efdd71494972b03a02f445dc98fa","2018-05-10 03:51:35",0,NA,NA,NA,NA
"course-v1:MITxPRO+AMxB+1T2018","A179980","19f5efdd71494972b03a02f445dc98fa","2018-05-10 03:51:35",0,NA,NA,NA,NA
"course-v1:MITxPRO+AMxB+1T2018","A179980","19f5efdd71494972b03a02f445dc98fa","2018-05-10 03:51:35",0,NA,NA,NA,NA
"course-v1:MITxPRO+AMxB+1T2018","A179980","19f5efdd71494972b03a02f445dc98fa","2018-05-10 03:51:35",0.166666666666667,NA,NA,NA,NA
"course-v1:MITxPRO+AMxB+1T2018","A179980","2ad839c226ab44539d98e2a1e84e439f","2018-05-10 03:51:45",0,NA,NA,NA,NA
"course-v1:MITxPRO+AMxB+1T2018","A179980","d96704d24a68401eaad4628b30fdb889","2018-05-10 03:51:45",0.0166666666666667,NA,NA,NA,NA
"course-v1:MITxPRO+AMxB+1T2018","A179980","17707229e69e428f8b8350b8c87c157e","2018-05-10 03:51:49",0.216666666666667,NA,NA,NA,NA
"course-v1:MITxPRO+AMxB+1T2018","A179980","17707229e69e428f8b8350b8c87c157e","2018-05-10 03:52:02",2.93333333333333,NA,NA,NA,NA
"course-v1:MITxPRO+AMxB+1T2018","A179980","d96704d24a68401eaad4628b30fdb889","2018-05-10 03:54:58",0,NA,NA,NA,NA
"course-v1:MITxPRO+AMxB+1T2018","A179980","89f61d355af44e16ac1f9654029f89e0","2018-05-10 03:54:58",0.0166666666666667,NA,NA,NA,NA
"course-v1:MITxPRO+AMxB+1T2018","A179980","89f61d355af44e16ac1f9654029f89e0","2018-05-10 03:58:08",0,NA,NA,NA,NA
"course-v1:MITxPRO+AMxB+1T2018","A179980","49bc2f8db38b47f9b378f26dde2a6e64","2018-05-10 03:58:08",0.0333333333333333,NA,NA,NA,NA
"course-v1:MITxPRO+AMxB+1T2018","A179980","c7b26f5c177645f8915da5083313c6cf","2018-05-10 03:58:11",0.233333333333333,NA,NA,NA,NA
"course-v1:MITxPRO+AMxB+1T2018","A179980","553c1e0f782e43f492dadd97e6bef776","2018-05-11 02:15:46",0.166666666666667,1,1,1,"correct"
"course-v1:MITxPRO+AMxB+1T2018","A179980","902dff85d0d34920814ee3729329d2d2","2018-05-11 02:15:56",0.416666666666667,1,1,1,"correct"
"course-v1:MITxPRO+AMxB+1T2018","A179980","6be9622646964f02a8368b937bd8a304","2018-05-11 02:16:21",0.233333333333333,1,1,1,"correct"
"course-v1:MITxPRO+AMxB+1T2018","A179980","8460c1a442324bf6a54498d85b28cfe0","2018-05-11 02:16:35",0.266666666666667,1,1,1,"correct"
"course-v1:MITxPRO+AMxB+1T2018","A179980","c08a68b3db574534a7bee42ec660d1a3","2018-05-11 02:16:51",0.6,1,1,1,"correct"
"course-v1:MITxPRO+AMxB+1T2018","A179980","632447fdff6840a3a11237aa514d7e68","2018-05-11 02:39:54",0.366666666666667,1,1,1,"correct"
"course-v1:MITxPRO+AMxB+1T2018","A179980","48f524e499d548ea91963ba7ab8ad845","2018-05-11 02:40:16",0.1,1,0,1,"incorrect"
"course-v1:MITxPRO+AMxB+1T2018","A179980","48f524e499d548ea91963ba7ab8ad845","2018-05-11 02:40:22",0.266666666666667,2,1,1,"correct"
"course-v1:MITxPRO+AMxB+1T2018","A179980","e1d55c63a2bd4a79aca5c750cc7a6c97","2018-05-11 02:40:38",0.15,1,1,1,"correct"
"course-v1:MITxPRO+AMxB+1T2018","A179980","bd441ccd067547a89407ec54fa626f06","2018-05-11 02:40:47",0.3,1,1,1,"correct"
"course-v1:MITxPRO+AMxB+1T2018","A179980","f7874e47588041b697e73ba41e6e407c","2018-05-11 02:41:05",0.516666666666667,1,1,1,"correct"
"course-v1:MITxPRO+AMxB+1T2018","A179980","deead91c4b084361847e1f6596966bb8","2018-05-15 00:44:29",0.216666666666667,1,1,1,"correct"
"course-v1:MITxPRO+AMxB+1T2018","A179980","6bcb17967bcb4df9bfc7914614ea438d","2018-05-15 00:44:42",0.216666666666667,1,1,1,"correct"
"course-v1:MITxPRO+AMxB+1T2018","A179980","c1cffbf051a6419bb88a3efe70810c03","2018-05-15 00:44:55",0.333333333333333,1,1,1,"correct"
"course-v1:MITxPRO+AMxB+1T2018","A179980","deb6f01c4aee459aba4573c30370cd9f","2018-05-15 00:45:15",0.366666666666667,1,1,1,"correct"
"course-v1:MITxPRO+AMxB+1T2018","A179980","712de1d8f0494088af25f2d8990ed903","2018-05-15 00:45:37",0.25,1,1,1,"correct"
"course-v1:MITxPRO+AMxB+1T2018","A179980","bcfaf0a85a4c4bb1b5f38a5334a89bc7","2018-05-15 00:45:52",0.0333333333333333,1,0,1,"incorrect"
"course-v1:MITxPRO+AMxB+1T2018","A179980","bcfaf0a85a4c4bb1b5f38a5334a89bc7","2018-05-15 00:45:54",0.55,2,1,1,"correct"
"course-v1:MITxPRO+AMxB+1T2018","A179980","70ce3c11df2441369632b5e4c33440b2","2018-05-15 00:46:27",22.7166666666667,1,1,1,"correct"
"course-v1:MITxPRO+AMxB+1T2018","A179980","631404452a894b47949846af85b65a75","2018-05-15 01:09:10",0.516666666666667,1,0,1,"incorrect"
"course-v1:MITxPRO+AMxB+1T2018","A179980","631404452a894b47949846af85b65a75","2018-05-15 01:09:41",0.516666666666667,2,1,1,"correct"
"course-v1:MITxPRO+AMxB+1T2018","A179980","c1e3057887ae4756b3983ee71103080a","2018-05-15 03:19:35",0.233333333333333,1,1,1,"correct"
"course-v1:MITxPRO+AMxB+1T2018","A179980","4ddee52f520141a192396264e12e939c","2018-05-15 03:19:49",0.216666666666667,1,1,1,"correct"
"course-v1:MITxPRO+AMxB+1T2018","A179980","2a07f16983744ee4b619e6822558732e","2018-05-15 03:20:02",0.166666666666667,1,1,1,"correct"
"course-v1:MITxPRO+AMxB+1T2018","A179980","3b80b63e802243169ed3dc0ceba87a81","2018-05-15 03:20:12",0.633333333333333,1,1,1,"correct"
"course-v1:MITxPRO+AMxB+1T2018","A179980","750c556f3cae4c2db33e983c7c72db60","2018-05-15 03:20:50",0.683333333333333,1,1,1,"correct"
"course-v1:MITxPRO+AMxB+1T2018","A179980","b417ce5230004e449eb68bbbca8930d9","2018-05-15 03:50:00",0.233333333333333,1,1,1,"correct"
"course-v1:MITxPRO+AMxB+1T2018","A179980","519a3ce144b042f09bc9f27f33267c71","2018-05-15 03:50:14",0.366666666666667,1,1,1,"correct"
"course-v1:MITxPRO+AMxB+1T2018","A179980","1c6f3c34f7cc4c9b94c4e8d737f587c6","2018-05-15 03:50:36",0.533333333333333,1,1,1,"correct"
"course-v1:MITxPRO+AMxB+1T2018","A179980","d8424937df4a417f80f02a8a69eee970","2018-05-15 03:51:08",0.416666666666667,1,1,1,"correct"
"course-v1:MITxPRO+AMxB+1T2018","A179980","4be8a36bf92f42cd8fbd28d32417459c","2018-05-15 03:51:33",0.516666666666667,1,1,1,"correct"
"course-v1:MITxPRO+AMxB+1T2018","A179980","f732776055a94d8d8fd501519588bcc8","2018-05-16 02:11:47",0.216666666666667,1,1,1,"correct"
"course-v1:MITxPRO+AMxB+1T2018","A179980","71aa8975942747bfa496bcb179836244","2018-05-16 02:12:00",0.233333333333333,1,1,1,"correct"
"course-v1:MITxPRO+AMxB+1T2018","A179980","58bc915ba85341b48f20266cd8bf3050","2018-05-16 02:12:14",0.25,1,1,1,"correct"
"course-v1:MITxPRO+AMxB+1T2018","A179980","ac3271c843024f538cfe21e21a0504e4","2018-05-16 02:12:29",0.266666666666667,1,1,1,"correct"
"course-v1:MITxPRO+AMxB+1T2018","A179980","123565b06983431e9889eac59f1c0f7b","2018-05-16 02:12:45",0.283333333333333,1,1,1,"correct"
"course-v1:MITxPRO+AMxB+1T2018","A179980","44a49f1cf12f41508cd0ed01b3633f1d","2018-05-16 02:13:02",0.216666666666667,1,0,1,"incorrect"
"course-v1:MITxPRO+AMxB+1T2018","A179980","44a49f1cf12f41508cd0ed01b3633f1d","2018-05-16 02:13:15",1.66666666666667,2,0,1,"incorrect"
"course-v1:MITxPRO+AMxB+1T2018","A179980","1ed230eb23af43aab786739fdd13ea89","2018-05-16 02:39:51",0.416666666666667,1,1,1,"correct"
"course-v1:MITxPRO+AMxB+1T2018","A179980","57aea84c635d4c42bdea24fcad7ddc04","2018-05-16 02:40:16",0.266666666666667,1,1,1,"correct"
"course-v1:MITxPRO+AMxB+1T2018","A179980","7caa315a66164f50bd8b97b0f43dba18","2018-05-16 02:40:32",0.35,1,1,1,"correct"
"course-v1:MITxPRO+AMxB+1T2018","A179980","aef4930d74cd48de8d774741083e54bc","2018-05-16 02:40:53",0.1,1,0,1,"incorrect"
"course-v1:MITxPRO+AMxB+1T2018","A179980","aef4930d74cd48de8d774741083e54bc","2018-05-16 02:40:59",0.616666666666667,2,1,1,"correct"
"course-v1:MITxPRO+AMxB+1T2018","A179980","c15d118c7742410aa670b99d4f796785","2018-05-16 02:41:36",0.833333333333333,1,1,1,"correct"
"course-v1:MITxPRO+AMxB+1T2018","A179980","d4351e91190f4e08b308ceb76aa5cf06","2018-05-16 02:42:26",0.283333333333333,1,0,1,"incorrect"
"course-v1:MITxPRO+AMxB+1T2018","A179980","d4351e91190f4e08b308ceb76aa5cf06","2018-05-16 02:42:43",4.01666666666667,2,0,1,"incorrect"
"course-v1:MITxPRO+AMxB+1T2018","A179980","27a8801c431c4cc58d69b8ff02121f29","2018-05-18 02:13:52",0.7,1,0,1,"incorrect"
"course-v1:MITxPRO+AMxB+1T2018","A179980","27a8801c431c4cc58d69b8ff02121f29","2018-05-18 02:14:34",1.75,2,1,1,"correct"
"course-v1:MITxPRO+AMxB+1T2018","A179980","310bb0618ec84817970f0320c6051b92","2018-05-18 02:36:16",0.733333333333333,1,1,1,"correct"
"course-v1:MITxPRO+AMxB+1T2018","A179980","cc6de24a16d54830beca01a4787a5b4d","2018-05-18 02:37:00",0.616666666666667,1,1,1,"correct"
"course-v1:MITxPRO+AMxB+1T2018","A179980","20aaaaf046c347828ff18e07bfc3ab4f","2018-05-18 02:37:37",24.6166666666667,1,1,1,"correct"
"course-v1:MITxPRO+AMxB+1T2018","A179980","5f4a737d4d744b21a68e7f81caaaa00c","2018-05-18 03:35:39",0.483333333333333,1,1,1,"correct"
"course-v1:MITxPRO+AMxB+1T2018","A179980","cd8f0da1ce0040ce994e2bf3c1a061fa","2018-05-18 03:36:08",0.666666666666667,1,1,1,"correct"
"course-v1:MITxPRO+AMxB+1T2018","A179980","455f653fdfbb43baabd2860fcd435d8e","2018-05-18 03:36:48",0.716666666666667,1,1,1,"correct"
"course-v1:MITxPRO+AMxB+1T2018","A179980","9266f5048e2648e8a0dcea19009c7c92","2018-05-18 03:37:31",0.516666666666667,1,0,1,"incorrect"
"course-v1:MITxPRO+AMxB+1T2018","A179980","9266f5048e2648e8a0dcea19009c7c92","2018-05-19 16:15:19",0.533333333333333,2,1,1,"correct"
"course-v1:MITxPRO+AMxB+1T2018","A179980","6d9d7fa80bb24111ac8b77071d6b072d","2018-05-19 16:15:51",0.633333333333333,1,0,1,"incorrect"
"course-v1:MITxPRO+AMxB+1T2018","A179980","6d9d7fa80bb24111ac8b77071d6b072d","2018-05-19 16:16:29",8.48333333333333,2,1,1,"correct"
"course-v1:MITxPRO+AMxB+1T2018","A179980","d8c12f5115f843179f92f6a018e05dc8","2018-05-19 16:24:58",51.05,1,1,1,"correct"
"course-v1:MITxPRO+AMxB+1T2018","A179980","2bbb47defdd44b6e95be6aff50d550d1","2018-05-23 03:31:25",0.0666666666666667,NA,NA,NA,NA
"course-v1:MITxPRO+AMxB+1T2018","A179980","98170a572e6644028150554eb5722cb4","2018-05-23 03:31:29",0,NA,NA,NA,NA
"course-v1:MITxPRO+AMxB+1T2018","A179980","98170a572e6644028150554eb5722cb4","2018-05-23 03:31:29",0.0166666666666667,NA,NA,NA,NA
"course-v1:MITxPRO+AMxB+1T2018","A179980","98170a572e6644028150554eb5722cb4","2018-05-23 03:31:30",0,NA,NA,NA,NA
"course-v1:MITxPRO+AMxB+1T2018","A179980","98170a572e6644028150554eb5722cb4","2018-05-23 03:31:30",0,NA,NA,NA,NA
"course-v1:MITxPRO+AMxB+1T2018","A179980","98170a572e6644028150554eb5722cb4","2018-05-23 03:31:30",0,NA,NA,NA,NA
"course-v1:MITxPRO+AMxB+1T2018","A179980","98170a572e6644028150554eb5722cb4","2018-05-23 03:31:30",0,NA,NA,NA,NA
"course-v1:MITxPRO+AMxB+1T2018","A179980","98170a572e6644028150554eb5722cb4","2018-05-23 03:31:30",0,NA,NA,NA,NA
"course-v1:MITxPRO+AMxB+1T2018","A179980","98170a572e6644028150554eb5722cb4","2018-05-23 03:31:30",0.0333333333333333,NA,NA,NA,NA
"course-v1:MITxPRO+AMxB+1T2018","A179980","c7a736e53c6341f684a77474fbbbe64f","2018-05-23 03:31:32",0.5,NA,NA,NA,NA
"course-v1:MITxPRO+AMxB+1T2018","A179980","5bdb6e60ab5c477f9244243bacb6c984","2018-05-23 03:33:32",0,NA,NA,NA,NA
"course-v1:MITxPRO+AMxB+1T2018","A179980","5bdb6e60ab5c477f9244243bacb6c984","2018-05-23 03:33:32",1.05,NA,NA,NA,NA
"course-v1:MITxPRO+AMxB+1T2018","A179980","0704a9032b0b4dfebc92a428247b2a14","2018-05-23 03:35:12",0,NA,NA,NA,NA
"course-v1:MITxPRO+AMxB+1T2018","A179980","0704a9032b0b4dfebc92a428247b2a14","2018-05-23 03:35:12",0.0666666666666667,NA,NA,NA,NA
"course-v1:MITxPRO+AMxB+1T2018","A179980","ea1d651f18c34e6fa36ee0f68962ecb9","2018-05-23 03:35:16",0,NA,NA,NA,NA
"course-v1:MITxPRO+AMxB+1T2018","A179980","ea1d651f18c34e6fa36ee0f68962ecb9","2018-05-23 03:35:16",0,NA,NA,NA,NA
"course-v1:MITxPRO+AMxB+1T2018","A179980","ea1d651f18c34e6fa36ee0f68962ecb9","2018-05-23 03:35:16",0,NA,NA,NA,NA
"course-v1:MITxPRO+AMxB+1T2018","A179980","ea1d651f18c34e6fa36ee0f68962ecb9","2018-05-23 03:35:16",0,NA,NA,NA,NA
"course-v1:MITxPRO+AMxB+1T2018","A179980","ea1d651f18c34e6fa36ee0f68962ecb9","2018-05-23 03:35:16",0,NA,NA,NA,NA
"course-v1:MITxPRO+AMxB+1T2018","A179980","ea1d651f18c34e6fa36ee0f68962ecb9","2018-05-23 03:35:16",0,NA,NA,NA,NA
"course-v1:MITxPRO+AMxB+1T2018","A179980","ea1d651f18c34e6fa36ee0f68962ecb9","2018-05-23 03:35:16",0,NA,NA,NA,NA
"course-v1:MITxPRO+AMxB+1T2018","A179980","ea1d651f18c34e6fa36ee0f68962ecb9","2018-05-23 03:35:16",0.266666666666667,NA,NA,NA,NA
"course-v1:MITxPRO+AMxB+1T2018","A179980","2bbb47defdd44b6e95be6aff50d550d1","2018-05-24 02:04:45",0.0666666666666667,NA,NA,NA,NA
"course-v1:MITxPRO+AMxB+1T2018","A179980","98170a572e6644028150554eb5722cb4","2018-05-24 02:04:49",0,NA,NA,NA,NA
"course-v1:MITxPRO+AMxB+1T2018","A179980","98170a572e6644028150554eb5722cb4","2018-05-24 02:04:49",0,NA,NA,NA,NA
"course-v1:MITxPRO+AMxB+1T2018","A179980","98170a572e6644028150554eb5722cb4","2018-05-24 02:04:49",0,NA,NA,NA,NA
"course-v1:MITxPRO+AMxB+1T2018","A179980","98170a572e6644028150554eb5722cb4","2018-05-24 02:04:49",0,NA,NA,NA,NA
"course-v1:MITxPRO+AMxB+1T2018","A179980","98170a572e6644028150554eb5722cb4","2018-05-24 02:04:49",0,NA,NA,NA,NA
"course-v1:MITxPRO+AMxB+1T2018","A179980","98170a572e6644028150554eb5722cb4","2018-05-24 02:04:49",0,NA,NA,NA,NA
"course-v1:MITxPRO+AMxB+1T2018","A179980","98170a572e6644028150554eb5722cb4","2018-05-24 02:04:49",0,NA,NA,NA,NA
"course-v1:MITxPRO+AMxB+1T2018","A179980","98170a572e6644028150554eb5722cb4","2018-05-24 02:04:49",0.0166666666666667,NA,NA,NA,NA
"course-v1:MITxPRO+AMxB+1T2018","A179980","c7a736e53c6341f684a77474fbbbe64f","2018-05-24 02:04:50",2.3,NA,NA,NA,NA
"course-v1:MITxPRO+AMxB+1T2018","A179980","0704a9032b0b4dfebc92a428247b2a14","2018-05-24 02:07:08",0.0666666666666667,NA,NA,NA,NA
"course-v1:MITxPRO+AMxB+1T2018","A179980","ea1d651f18c34e6fa36ee0f68962ecb9","2018-05-24 02:07:12",0,NA,NA,NA,NA
"course-v1:MITxPRO+AMxB+1T2018","A179980","ea1d651f18c34e6fa36ee0f68962ecb9","2018-05-24 02:07:12",0,NA,NA,NA,NA
"course-v1:MITxPRO+AMxB+1T2018","A179980","ea1d651f18c34e6fa36ee0f68962ecb9","2018-05-24 02:07:12",0,NA,NA,NA,NA
"course-v1:MITxPRO+AMxB+1T2018","A179980","ea1d651f18c34e6fa36ee0f68962ecb9","2018-05-24 02:07:12",0,NA,NA,NA,NA
"course-v1:MITxPRO+AMxB+1T2018","A179980","ea1d651f18c34e6fa36ee0f68962ecb9","2018-05-24 02:07:12",0,NA,NA,NA,NA
"course-v1:MITxPRO+AMxB+1T2018","A179980","ea1d651f18c34e6fa36ee0f68962ecb9","2018-05-24 02:07:12",0,NA,NA,NA,NA
"course-v1:MITxPRO+AMxB+1T2018","A179980","ea1d651f18c34e6fa36ee0f68962ecb9","2018-05-24 02:07:12",0.0166666666666667,NA,NA,NA,NA
"course-v1:MITxPRO+AMxB+1T2018","A179980","ea1d651f18c34e6fa36ee0f68962ecb9","2018-05-24 02:07:13",0.566666666666667,NA,NA,NA,NA
"course-v1:MITxPRO+AMxB+1T2018","A179980","0704a9032b0b4dfebc92a428247b2a14","2018-05-24 02:12:03",0.0333333333333333,NA,NA,NA,NA
"course-v1:MITxPRO+AMxB+1T2018","A179980","ea1d651f18c34e6fa36ee0f68962ecb9","2018-05-24 02:12:05",0,NA,NA,NA,NA
"course-v1:MITxPRO+AMxB+1T2018","A179980","ea1d651f18c34e6fa36ee0f68962ecb9","2018-05-24 02:12:05",0,NA,NA,NA,NA
"course-v1:MITxPRO+AMxB+1T2018","A179980","ea1d651f18c34e6fa36ee0f68962ecb9","2018-05-24 02:12:05",0,NA,NA,NA,NA
"course-v1:MITxPRO+AMxB+1T2018","A179980","ea1d651f18c34e6fa36ee0f68962ecb9","2018-05-24 02:12:05",0,NA,NA,NA,NA
"course-v1:MITxPRO+AMxB+1T2018","A179980","ea1d651f18c34e6fa36ee0f68962ecb9","2018-05-24 02:12:05",0,NA,NA,NA,NA
"course-v1:MITxPRO+AMxB+1T2018","A179980","ea1d651f18c34e6fa36ee0f68962ecb9","2018-05-24 02:12:05",0.0166666666666667,NA,NA,NA,NA
"course-v1:MITxPRO+AMxB+1T2018","A179980","ea1d651f18c34e6fa36ee0f68962ecb9","2018-05-24 02:12:06",0,NA,NA,NA,NA
"course-v1:MITxPRO+AMxB+1T2018","A179980","ea1d651f18c34e6fa36ee0f68962ecb9","2018-05-24 02:12:06",0.0333333333333333,NA,NA,NA,NA
"course-v1:MITxPRO+AMxB+1T2018","A179980","0704a9032b0b4dfebc92a428247b2a14","2018-05-24 02:12:08",0,NA,NA,NA,NA
"course-v1:MITxPRO+AMxB+1T2018","A179980","fe3586744a044afd9ae558cfbe4a9411","2018-05-24 02:12:08",0.0166666666666667,NA,NA,NA,NA
"course-v1:MITxPRO+AMxB+1T2018","A179980","f9063cc6765a4fb3875172894b58c4af","2018-05-24 02:12:10",0,NA,NA,NA,NA
"course-v1:MITxPRO+AMxB+1T2018","A179980","88464dcb8fa64c5391ff18d5aec38bcc","2018-05-24 02:12:10",0.05,NA,NA,NA,NA
"course-v1:MITxPRO+AMxB+1T2018","A179980","fe3586744a044afd9ae558cfbe4a9411","2018-05-24 02:12:13",0.0166666666666667,NA,NA,NA,NA
"course-v1:MITxPRO+AMxB+1T2018","A179980","0704a9032b0b4dfebc92a428247b2a14","2018-05-24 02:12:14",0.0166666666666667,NA,NA,NA,NA
"course-v1:MITxPRO+AMxB+1T2018","A179980","ea1d651f18c34e6fa36ee0f68962ecb9","2018-05-24 02:12:15",0,NA,NA,NA,NA
"course-v1:MITxPRO+AMxB+1T2018","A179980","ea1d651f18c34e6fa36ee0f68962ecb9","2018-05-24 02:12:15",0,NA,NA,NA,NA
"course-v1:MITxPRO+AMxB+1T2018","A179980","ea1d651f18c34e6fa36ee0f68962ecb9","2018-05-24 02:12:15",0,NA,NA,NA,NA
"course-v1:MITxPRO+AMxB+1T2018","A179980","ea1d651f18c34e6fa36ee0f68962ecb9","2018-05-24 02:12:15",0,NA,NA,NA,NA
"course-v1:MITxPRO+AMxB+1T2018","A179980","ea1d651f18c34e6fa36ee0f68962ecb9","2018-05-24 02:12:15",0,NA,NA,NA,NA
"course-v1:MITxPRO+AMxB+1T2018","A179980","ea1d651f18c34e6fa36ee0f68962ecb9","2018-05-24 02:12:15",0.0166666666666667,NA,NA,NA,NA
"course-v1:MITxPRO+AMxB+1T2018","A179980","ea1d651f18c34e6fa36ee0f68962ecb9","2018-05-24 02:12:16",0,NA,NA,NA,NA
"course-v1:MITxPRO+AMxB+1T2018","A179980","ea1d651f18c34e6fa36ee0f68962ecb9","2018-05-24 02:12:16",0.45,NA,NA,NA,NA
"course-v1:MITxPRO+AMxB+1T2018","A179980","d8a02e7515a74c9998f997f6df75771d","2018-05-24 02:44:41",0,NA,NA,NA,NA
"course-v1:MITxPRO+AMxB+1T2018","A179980","71c4fd1a1eab4d00b0d4ae1bb725ef5a","2018-05-24 02:44:43",0.533333333333333,NA,NA,NA,NA
"course-v1:MITxPRO+AMxB+1T2018","A179980","71c4fd1a1eab4d00b0d4ae1bb725ef5a","2018-05-24 02:45:15",0.766666666666667,NA,NA,NA,NA
"course-v1:MITxPRO+AMxB+1T2018","A179980","d8a02e7515a74c9998f997f6df75771d","2018-05-24 02:46:01",0.116666666666667,NA,NA,NA,NA
"course-v1:MITxPRO+AMxB+1T2018","A179980","1c671d329ded428288dd93458a0a2667","2018-05-24 02:46:08",1.61666666666667,NA,NA,NA,NA
"course-v1:MITxPRO+AMxB+1T2018","A179980","f06cfae5902b4db099f1844f9dcad801","2018-05-24 02:47:45",0,NA,NA,NA,NA
"course-v1:MITxPRO+AMxB+1T2018","A179980","d8a02e7515a74c9998f997f6df75771d","2018-05-24 02:47:45",0.0166666666666667,NA,NA,NA,NA
"course-v1:MITxPRO+AMxB+1T2018","A179980","d07f5cabb83841ebb911eb33d653a517","2018-05-24 02:47:47",0,NA,NA,NA,NA
"course-v1:MITxPRO+AMxB+1T2018","A179980","98032f7703934ecc960828e8931290bd","2018-05-24 02:47:47",0.533333333333333,NA,NA,NA,NA
"course-v1:MITxPRO+AMxB+1T2018","A179980","d07f5cabb83841ebb911eb33d653a517","2018-05-24 02:48:19",8.61666666666667,NA,NA,NA,NA
"course-v1:MITxPRO+AMxB+1T2018","A179980","98032f7703934ecc960828e8931290bd","2018-05-24 02:57:08",5.21666666666667,NA,NA,NA,NA
"course-v1:MITxPRO+AMxB+1T2018","A179980","05800c2e685141ecb48fe59b499d84b6","2018-05-24 03:02:22",0,NA,NA,NA,NA
"course-v1:MITxPRO+AMxB+1T2018","A179980","f06cfae5902b4db099f1844f9dcad801","2018-05-24 03:02:22",0.0166666666666667,NA,NA,NA,NA
"course-v1:MITxPRO+AMxB+1T2018","A179980","05800c2e685141ecb48fe59b499d84b6","2018-05-24 03:06:53",0.15,NA,NA,NA,NA
"course-v1:MITxPRO+AMxB+1T2018","A179980","f151b1920ab84738857f2e5a6ccdff85","2018-05-24 03:07:02",0.966666666666667,NA,NA,NA,NA
"course-v1:MITxPRO+AMxB+1T2018","A179980","f06cfae5902b4db099f1844f9dcad801","2018-05-24 03:08:00",0.0333333333333333,NA,NA,NA,NA
"course-v1:MITxPRO+AMxB+1T2018","A179980","7a2bcd65cf024f3684c99f341cb74362","2018-05-24 06:00:04",0.516666666666667,1,1,1,"correct"
"course-v1:MITxPRO+AMxB+1T2018","A179980","0704a9032b0b4dfebc92a428247b2a14","2018-05-25 03:33:34",0,NA,NA,NA,NA
"course-v1:MITxPRO+AMxB+1T2018","A179980","0704a9032b0b4dfebc92a428247b2a14","2018-05-25 12:11:38",0,NA,NA,NA,NA
"course-v1:MITxPRO+AMxB+1T2018","A179980","57b361f6d4ca424299264c668e836e47","2018-05-28 03:26:09",0.35,NA,NA,NA,NA
"course-v1:MITxPRO+AMxB+1T2018","A179980","7afbe0f3ab05461ab5a3765ad3631052","2018-05-28 03:26:30",6.63333333333333,NA,NA,NA,NA
"course-v1:MITxPRO+AMxB+1T2018","A179980","3a32d27772ce468e941a09b8dd76aec3","2018-05-28 03:33:08",1.9,NA,NA,NA,NA
"course-v1:MITxPRO+AMxB+1T2018","A179980","57b361f6d4ca424299264c668e836e47","2018-05-28 03:35:02",0,NA,NA,NA,NA
"course-v1:MITxPRO+AMxB+1T2018","A179980","f151b1920ab84738857f2e5a6ccdff85","2018-05-28 04:07:46",0,NA,NA,NA,NA
"course-v1:MITxPRO+AMxB+1T2018","A179980","05800c2e685141ecb48fe59b499d84b6","2018-05-28 04:07:46",48.5666666666667,NA,NA,NA,NA
"course-v1:MITxPRO+AMxB+1T2018","A179980","d8a02e7515a74c9998f997f6df75771d","2018-05-28 05:06:22",0,NA,NA,NA,NA
"course-v1:MITxPRO+AMxB+1T2018","A179980","aa516ea305b74209ad16d2533b32050c","2018-05-28 05:06:22",0.183333333333333,NA,NA,NA,NA
"course-v1:MITxPRO+AMxB+1T2018","A179980","57b361f6d4ca424299264c668e836e47","2018-05-30 22:13:06",0.15,NA,NA,NA,NA
"course-v1:MITxPRO+AMxB+1T2018","A179980","f06cfae5902b4db099f1844f9dcad801","2018-05-30 22:13:15",0.05,NA,NA,NA,NA
"course-v1:MITxPRO+AMxB+1T2018","A179980","0704a9032b0b4dfebc92a428247b2a14","2018-05-30 22:13:47",0,NA,NA,NA,NA
"course-v1:MITxPRO+AMxB+1T2018","A179980","0704a9032b0b4dfebc92a428247b2a14","2018-05-30 22:13:47",0.0333333333333333,NA,NA,NA,NA
"course-v1:MITxPRO+AMxB+1T2018","A179980","ea1d651f18c34e6fa36ee0f68962ecb9","2018-05-30 22:13:49",0.0166666666666667,NA,NA,NA,NA
"course-v1:MITxPRO+AMxB+1T2018","A179980","ea1d651f18c34e6fa36ee0f68962ecb9","2018-05-30 22:13:50",0,NA,NA,NA,NA
"course-v1:MITxPRO+AMxB+1T2018","A179980","ea1d651f18c34e6fa36ee0f68962ecb9","2018-05-30 22:13:50",0,NA,NA,NA,NA
"course-v1:MITxPRO+AMxB+1T2018","A179980","ea1d651f18c34e6fa36ee0f68962ecb9","2018-05-30 22:13:50",0,NA,NA,NA,NA
"course-v1:MITxPRO+AMxB+1T2018","A179980","ea1d651f18c34e6fa36ee0f68962ecb9","2018-05-30 22:13:50",0,NA,NA,NA,NA
"course-v1:MITxPRO+AMxB+1T2018","A179980","ea1d651f18c34e6fa36ee0f68962ecb9","2018-05-30 22:13:50",0,NA,NA,NA,NA
"course-v1:MITxPRO+AMxB+1T2018","A179980","ea1d651f18c34e6fa36ee0f68962ecb9","2018-05-30 22:13:50",0,NA,NA,NA,NA
"course-v1:MITxPRO+AMxB+1T2018","A179980","ea1d651f18c34e6fa36ee0f68962ecb9","2018-05-30 22:13:50",0.35,NA,NA,NA,NA
"course-v1:MITxPRO+AMxB+1T2018","A179980","05800c2e685141ecb48fe59b499d84b6","2018-05-30 22:50:49",0,NA,NA,NA,NA
"course-v1:MITxPRO+AMxB+1T2018","A179980","05800c2e685141ecb48fe59b499d84b6","2018-05-30 22:50:49",0.1,NA,NA,NA,NA
"course-v1:MITxPRO+AMxB+1T2018","A179980","f06cfae5902b4db099f1844f9dcad801","2018-05-30 22:50:55",0.0333333333333333,NA,NA,NA,NA
"course-v1:MITxPRO+AMxB+1T2018","A179980","aa516ea305b74209ad16d2533b32050c","2018-05-30 22:51:10",0,NA,NA,NA,NA
"course-v1:MITxPRO+AMxB+1T2018","A179980","d8a02e7515a74c9998f997f6df75771d","2018-05-30 22:51:10",0.0666666666666667,NA,NA,NA,NA
"course-v1:MITxPRO+AMxB+1T2018","A179980","d8a02e7515a74c9998f997f6df75771d","2018-05-30 23:07:45",0.1,NA,NA,NA,NA
"course-v1:MITxPRO+AMxB+1T2018","A179980","0704a9032b0b4dfebc92a428247b2a14","2018-05-30 23:08:11",0,NA,NA,NA,NA
"course-v1:MITxPRO+AMxB+1T2018","A179980","0704a9032b0b4dfebc92a428247b2a14","2018-05-30 23:08:11",0.0666666666666667,NA,NA,NA,NA
"course-v1:MITxPRO+AMxB+1T2018","A179980","ea1d651f18c34e6fa36ee0f68962ecb9","2018-05-30 23:08:15",0,NA,NA,NA,NA
"course-v1:MITxPRO+AMxB+1T2018","A179980","ea1d651f18c34e6fa36ee0f68962ecb9","2018-05-30 23:08:15",0,NA,NA,NA,NA
"course-v1:MITxPRO+AMxB+1T2018","A179980","ea1d651f18c34e6fa36ee0f68962ecb9","2018-05-30 23:08:15",0,NA,NA,NA,NA
"course-v1:MITxPRO+AMxB+1T2018","A179980","ea1d651f18c34e6fa36ee0f68962ecb9","2018-05-30 23:08:15",0,NA,NA,NA,NA
"course-v1:MITxPRO+AMxB+1T2018","A179980","ea1d651f18c34e6fa36ee0f68962ecb9","2018-05-30 23:08:15",0,NA,NA,NA,NA
"course-v1:MITxPRO+AMxB+1T2018","A179980","ea1d651f18c34e6fa36ee0f68962ecb9","2018-05-30 23:08:15",0,NA,NA,NA,NA
"course-v1:MITxPRO+AMxB+1T2018","A179980","ea1d651f18c34e6fa36ee0f68962ecb9","2018-05-30 23:08:15",0,NA,NA,NA,NA
"course-v1:MITxPRO+AMxB+1T2018","A179980","ea1d651f18c34e6fa36ee0f68962ecb9","2018-05-30 23:08:15",0.166666666666667,NA,NA,NA,NA
"course-v1:MITxPRO+AMxB+1T2018","A179980","57b361f6d4ca424299264c668e836e47","2018-05-31 02:30:31",1.61666666666667,NA,NA,NA,NA
"course-v1:MITxPRO+AMxB+1T2018","A179980","17d557337c9c42d3b5b9b1220d2a8b07","2018-05-31 02:32:08",0,NA,NA,NA,NA
"course-v1:MITxPRO+AMxB+1T2018","A179980","17d557337c9c42d3b5b9b1220d2a8b07","2018-05-31 02:32:08",1.51666666666667,1,1,1,"correct"
"course-v1:MITxPRO+AMxB+1T2018","A179980","5bf5e2b4dc7542a7a5ccf3afb1e9e3c0","2018-05-31 02:33:39",0,1,0,1,"incorrect"
"course-v1:MITxPRO+AMxB+1T2018","A179980","5bf5e2b4dc7542a7a5ccf3afb1e9e3c0","2018-05-31 02:33:39",1.11666666666667,NA,NA,NA,NA
"course-v1:MITxPRO+AMxB+1T2018","A179980","5bf5e2b4dc7542a7a5ccf3afb1e9e3c0","2018-05-31 02:34:46",0,NA,NA,NA,NA
"course-v1:MITxPRO+AMxB+1T2018","A179980","5bf5e2b4dc7542a7a5ccf3afb1e9e3c0","2018-05-31 02:34:46",1.03333333333333,2,1,1,"correct"
"course-v1:MITxPRO+AMxB+1T2018","A179980","2855e7a0df954abaa30be35826f21bbc","2018-05-31 02:35:48",0,NA,NA,NA,NA
"course-v1:MITxPRO+AMxB+1T2018","A179980","2855e7a0df954abaa30be35826f21bbc","2018-05-31 02:35:48",2.88333333333333,1,1,1,"correct"
"course-v1:MITxPRO+AMxB+1T2018","A179980","f0e8270c2e6d4b9093c9d434401f1080","2018-05-31 02:38:41",0,NA,NA,NA,NA
"course-v1:MITxPRO+AMxB+1T2018","A179980","f0e8270c2e6d4b9093c9d434401f1080","2018-05-31 02:38:41",0.116666666666667,1,0,1,"incorrect"
"course-v1:MITxPRO+AMxB+1T2018","A179980","f06cfae5902b4db099f1844f9dcad801","2018-05-31 02:38:48",0.0333333333333333,NA,NA,NA,NA
"course-v1:MITxPRO+AMxB+1T2018","A179980","0704a9032b0b4dfebc92a428247b2a14","2018-05-31 02:39:56",0,NA,NA,NA,NA
"course-v1:MITxPRO+AMxB+1T2018","A179980","0704a9032b0b4dfebc92a428247b2a14","2018-05-31 02:39:56",0.0333333333333333,NA,NA,NA,NA
"course-v1:MITxPRO+AMxB+1T2018","A179980","ea1d651f18c34e6fa36ee0f68962ecb9","2018-05-31 02:39:58",0,NA,NA,NA,NA
"course-v1:MITxPRO+AMxB+1T2018","A179980","ea1d651f18c34e6fa36ee0f68962ecb9","2018-05-31 02:39:58",0,NA,NA,NA,NA
"course-v1:MITxPRO+AMxB+1T2018","A179980","ea1d651f18c34e6fa36ee0f68962ecb9","2018-05-31 02:39:58",0,NA,NA,NA,NA
"course-v1:MITxPRO+AMxB+1T2018","A179980","ea1d651f18c34e6fa36ee0f68962ecb9","2018-05-31 02:39:58",0,NA,NA,NA,NA
"course-v1:MITxPRO+AMxB+1T2018","A179980","ea1d651f18c34e6fa36ee0f68962ecb9","2018-05-31 02:39:58",0.0166666666666667,NA,NA,NA,NA
"course-v1:MITxPRO+AMxB+1T2018","A179980","ea1d651f18c34e6fa36ee0f68962ecb9","2018-05-31 02:39:59",0,NA,NA,NA,NA
"course-v1:MITxPRO+AMxB+1T2018","A179980","ea1d651f18c34e6fa36ee0f68962ecb9","2018-05-31 02:39:59",0,NA,NA,NA,NA
"course-v1:MITxPRO+AMxB+1T2018","A179980","ea1d651f18c34e6fa36ee0f68962ecb9","2018-05-31 02:39:59",18.3666666666667,NA,NA,NA,NA
"course-v1:MITxPRO+AMxB+1T2018","A179980","22b9e7f1eabc4cb28d8af1feaa0bc27d","2018-06-02 05:37:54",0.5,1,1,1,"correct"
"course-v1:MITxPRO+AMxB+1T2018","A179980","40671f6f48fb4803989d7bf3864904e2","2018-06-02 05:38:24",0.716666666666667,1,1,1,"correct"
"course-v1:MITxPRO+AMxB+1T2018","A179980","47ab5c72ed4f4a38a6f760e0bfa008f2","2018-06-02 05:39:07",0.1,1,0,1,"incorrect"
"course-v1:MITxPRO+AMxB+1T2018","A179980","47ab5c72ed4f4a38a6f760e0bfa008f2","2018-06-02 05:39:13",1.03333333333333,2,1,1,"correct"
"course-v1:MITxPRO+AMxB+1T2018","A179980","a653f4a798964771b51fbc7cb8a7a276","2018-06-02 05:40:15",0.0666666666666667,1,0,1,"incorrect"
"course-v1:MITxPRO+AMxB+1T2018","A179980","a653f4a798964771b51fbc7cb8a7a276","2018-06-02 05:40:19",0.516666666666667,2,1,1,"correct"
"course-v1:MITxPRO+AMxB+1T2018","A179980","7a1a2c4aab5241b785fdaf08add5fdf5","2018-06-03 02:51:46",0.166666666666667,NA,NA,NA,NA
"course-v1:MITxPRO+AMxB+1T2018","A179980","4e2af15f0e154332990f5c331e2c073a","2018-06-03 02:51:56",0,NA,NA,NA,NA
"course-v1:MITxPRO+AMxB+1T2018","A179980","06b02d057d574f24a6cac30186bf0bf2","2018-06-03 02:52:14",0,NA,NA,NA,NA
"course-v1:MITxPRO+AMxB+1T2018","A179980","05800c2e685141ecb48fe59b499d84b6","2018-06-03 02:52:14",0.0333333333333333,NA,NA,NA,NA
"course-v1:MITxPRO+AMxB+1T2018","A179980","5982f524a99e420f8aeee7d90187dd55","2018-06-03 02:52:16",0,NA,NA,NA,NA
"course-v1:MITxPRO+AMxB+1T2018","A179980","d3c052893bbd4d22b0667ff609a93d46","2018-06-03 04:23:35",0,NA,NA,NA,NA
"course-v1:MITxPRO+AMxB+1T2018","A179980","c0c126b664f740499c53acc71fe44eae","2018-06-03 04:23:35",0.3,NA,NA,NA,NA
"course-v1:MITxPRO+AMxB+1T2018","A179980","d3c052893bbd4d22b0667ff609a93d46","2018-06-03 04:23:53",0.6,NA,NA,NA,NA
"course-v1:MITxPRO+AMxB+1T2018","A179980","d77d619ea3504014b454c5e1b3960386","2018-06-03 04:24:29",0.0833333333333333,NA,NA,NA,NA
"course-v1:MITxPRO+AMxB+1T2018","A179980","e9bcc373b6ae4ec3abef5be040a02711","2018-06-03 04:24:34",0,NA,NA,NA,NA
"course-v1:MITxPRO+AMxB+1T2018","A179980","2f080c328b2c4f8abc4b57a6ce2c5896","2018-06-03 04:24:47",0,NA,NA,NA,NA
"course-v1:MITxPRO+AMxB+1T2018","A179980","8946402cfec84b0aa9abf2968a314b27","2018-06-03 04:24:47",0.05,NA,NA,NA,NA
"course-v1:MITxPRO+AMxB+1T2018","A179980","cacd5806a9254245a8288ca2c82149d4","2018-06-03 04:24:50",18.8833333333333,NA,NA,NA,NA
"course-v1:MITxPRO+AMxB+1T2018","A179980","e9bcc373b6ae4ec3abef5be040a02711","2018-06-05 02:14:04",0,NA,NA,NA,NA
"course-v1:MITxPRO+AMxB+1T2018","A179980","e9bcc373b6ae4ec3abef5be040a02711","2018-06-05 02:14:04",0.0666666666666667,NA,NA,NA,NA
"course-v1:MITxPRO+AMxB+1T2018","A179980","e9bcc373b6ae4ec3abef5be040a02711","2018-06-05 02:14:08",0,NA,NA,NA,NA
"course-v1:MITxPRO+AMxB+1T2018","A179980","1c671d329ded428288dd93458a0a2667","2018-06-05 02:14:23",0.0166666666666667,NA,NA,NA,NA
"course-v1:MITxPRO+AMxB+1T2018","A179980","d8a02e7515a74c9998f997f6df75771d","2018-06-05 02:14:24",0.1,NA,NA,NA,NA
"course-v1:MITxPRO+AMxB+1T2018","A179980","d8a02e7515a74c9998f997f6df75771d","2018-06-05 02:14:30",0,NA,NA,NA,NA
"course-v1:MITxPRO+AMxB+1T2018","A179980","0704a9032b0b4dfebc92a428247b2a14","2018-06-05 02:14:39",0,NA,NA,NA,NA
"course-v1:MITxPRO+AMxB+1T2018","A179980","0704a9032b0b4dfebc92a428247b2a14","2018-06-05 02:14:39",0.0333333333333333,NA,NA,NA,NA
"course-v1:MITxPRO+AMxB+1T2018","A179980","ea1d651f18c34e6fa36ee0f68962ecb9","2018-06-05 02:14:41",0,NA,NA,NA,NA
"course-v1:MITxPRO+AMxB+1T2018","A179980","ea1d651f18c34e6fa36ee0f68962ecb9","2018-06-05 02:14:41",0,NA,NA,NA,NA
"course-v1:MITxPRO+AMxB+1T2018","A179980","ea1d651f18c34e6fa36ee0f68962ecb9","2018-06-05 02:14:41",0,NA,NA,NA,NA
"course-v1:MITxPRO+AMxB+1T2018","A179980","ea1d651f18c34e6fa36ee0f68962ecb9","2018-06-05 02:14:41",0,NA,NA,NA,NA
"course-v1:MITxPRO+AMxB+1T2018","A179980","ea1d651f18c34e6fa36ee0f68962ecb9","2018-06-05 02:14:41",0,NA,NA,NA,NA
"course-v1:MITxPRO+AMxB+1T2018","A179980","ea1d651f18c34e6fa36ee0f68962ecb9","2018-06-05 02:14:41",0,NA,NA,NA,NA
"course-v1:MITxPRO+AMxB+1T2018","A179980","ea1d651f18c34e6fa36ee0f68962ecb9","2018-06-05 02:14:41",0,NA,NA,NA,NA
"course-v1:MITxPRO+AMxB+1T2018","A179980","ea1d651f18c34e6fa36ee0f68962ecb9","2018-06-05 02:14:41",0.316666666666667,NA,NA,NA,NA
"course-v1:MITxPRO+AMxB+1T2018","A179980","0704a9032b0b4dfebc92a428247b2a14","2018-06-05 02:48:25",0.0166666666666667,NA,NA,NA,NA
"course-v1:MITxPRO+AMxB+1T2018","A179980","0704a9032b0b4dfebc92a428247b2a14","2018-06-05 02:48:26",0.0166666666666667,NA,NA,NA,NA
"course-v1:MITxPRO+AMxB+1T2018","A179980","ea1d651f18c34e6fa36ee0f68962ecb9","2018-06-05 02:48:27",0,NA,NA,NA,NA
"course-v1:MITxPRO+AMxB+1T2018","A179980","ea1d651f18c34e6fa36ee0f68962ecb9","2018-06-05 02:48:27",0,NA,NA,NA,NA
"course-v1:MITxPRO+AMxB+1T2018","A179980","ea1d651f18c34e6fa36ee0f68962ecb9","2018-06-05 02:48:27",0,NA,NA,NA,NA
"course-v1:MITxPRO+AMxB+1T2018","A179980","ea1d651f18c34e6fa36ee0f68962ecb9","2018-06-05 02:48:27",0,NA,NA,NA,NA
"course-v1:MITxPRO+AMxB+1T2018","A179980","ea1d651f18c34e6fa36ee0f68962ecb9","2018-06-05 02:48:27",0,NA,NA,NA,NA
"course-v1:MITxPRO+AMxB+1T2018","A179980","ea1d651f18c34e6fa36ee0f68962ecb9","2018-06-05 02:48:27",0.0166666666666667,NA,NA,NA,NA
"course-v1:MITxPRO+AMxB+1T2018","A179980","ea1d651f18c34e6fa36ee0f68962ecb9","2018-06-05 02:48:28",0,NA,NA,NA,NA
"course-v1:MITxPRO+AMxB+1T2018","A179980","ea1d651f18c34e6fa36ee0f68962ecb9","2018-06-05 02:48:28",0.05,NA,NA,NA,NA
"course-v1:MITxPRO+AMxB+1T2018","A179980","ea1d651f18c34e6fa36ee0f68962ecb9","2018-06-05 03:01:30",0,NA,NA,NA,NA
"course-v1:MITxPRO+AMxB+1T2018","A179980","ea1d651f18c34e6fa36ee0f68962ecb9","2018-06-05 03:01:30",0,NA,NA,NA,NA
"course-v1:MITxPRO+AMxB+1T2018","A179980","ea1d651f18c34e6fa36ee0f68962ecb9","2018-06-05 03:01:30",0,NA,NA,NA,NA
"course-v1:MITxPRO+AMxB+1T2018","A179980","ea1d651f18c34e6fa36ee0f68962ecb9","2018-06-05 03:01:30",0.0333333333333333,NA,NA,NA,NA
"course-v1:MITxPRO+AMxB+1T2018","A179980","ea1d651f18c34e6fa36ee0f68962ecb9","2018-06-05 03:01:32",0.166666666666667,NA,NA,NA,NA
"course-v1:MITxPRO+AMxB+1T2018","A179980","ea1d651f18c34e6fa36ee0f68962ecb9","2018-06-05 03:01:42",0,NA,NA,NA,NA
"course-v1:MITxPRO+AMxB+1T2018","A179980","ea1d651f18c34e6fa36ee0f68962ecb9","2018-06-05 03:01:42",0,NA,NA,NA,NA
"course-v1:MITxPRO+AMxB+1T2018","A179980","ea1d651f18c34e6fa36ee0f68962ecb9","2018-06-05 03:01:42",0,NA,NA,NA,NA
"course-v1:MITxPRO+AMxB+1T2018","A179980","ea1d651f18c34e6fa36ee0f68962ecb9","2018-06-05 03:01:42",0,NA,NA,NA,NA
"course-v1:MITxPRO+AMxB+1T2018","A179980","ea1d651f18c34e6fa36ee0f68962ecb9","2018-06-05 03:01:42",0,NA,NA,NA,NA
"course-v1:MITxPRO+AMxB+1T2018","A179980","ea1d651f18c34e6fa36ee0f68962ecb9","2018-06-05 03:01:42",0,NA,NA,NA,NA
"course-v1:MITxPRO+AMxB+1T2018","A179980","ea1d651f18c34e6fa36ee0f68962ecb9","2018-06-05 03:01:42",0.0166666666666667,NA,NA,NA,NA
"course-v1:MITxPRO+AMxB+1T2018","A179980","ea1d651f18c34e6fa36ee0f68962ecb9","2018-06-05 03:01:43",0,NA,NA,NA,NA
"course-v1:MITxPRO+AMxB+1T2018","A179980","ea1d651f18c34e6fa36ee0f68962ecb9","2018-06-05 03:01:43",0,NA,NA,NA,NA
"course-v1:MITxPRO+AMxB+1T2018","A179980","ea1d651f18c34e6fa36ee0f68962ecb9","2018-06-05 03:01:43",0,NA,NA,NA,NA
"course-v1:MITxPRO+AMxB+1T2018","A179980","ea1d651f18c34e6fa36ee0f68962ecb9","2018-06-05 03:01:43",12.2333333333333,NA,NA,NA,NA
"course-v1:MITxPRO+AMxB+1T2018","A179980","ea1d651f18c34e6fa36ee0f68962ecb9","2018-06-05 03:13:57",0,NA,NA,NA,NA
"course-v1:MITxPRO+AMxB+1T2018","A179980","ea1d651f18c34e6fa36ee0f68962ecb9","2018-06-05 03:13:57",0,NA,NA,NA,NA
"course-v1:MITxPRO+AMxB+1T2018","A179980","ea1d651f18c34e6fa36ee0f68962ecb9","2018-06-05 03:13:57",0.0166666666666667,NA,NA,NA,NA
"course-v1:MITxPRO+AMxB+1T2018","A179980","ea1d651f18c34e6fa36ee0f68962ecb9","2018-06-05 03:13:58",0,NA,NA,NA,NA
"course-v1:MITxPRO+AMxB+1T2018","A179980","ea1d651f18c34e6fa36ee0f68962ecb9","2018-06-05 03:13:58",0,NA,NA,NA,NA
"course-v1:MITxPRO+AMxB+1T2018","A179980","ea1d651f18c34e6fa36ee0f68962ecb9","2018-06-05 03:13:58",0,NA,NA,NA,NA
"course-v1:MITxPRO+AMxB+1T2018","A179980","ea1d651f18c34e6fa36ee0f68962ecb9","2018-06-05 03:13:58",0,NA,NA,NA,NA
"course-v1:MITxPRO+AMxB+1T2018","A179980","ea1d651f18c34e6fa36ee0f68962ecb9","2018-06-05 03:13:58",0,NA,NA,NA,NA
"course-v1:MITxPRO+AMxB+1T2018","A179980","ea1d651f18c34e6fa36ee0f68962ecb9","2018-06-05 03:13:58",0,NA,NA,NA,NA
"course-v1:MITxPRO+AMxB+1T2018","A179980","ea1d651f18c34e6fa36ee0f68962ecb9","2018-06-05 03:13:58",0,NA,NA,NA,NA
"course-v1:MITxPRO+AMxB+1T2018","A179980","ea1d651f18c34e6fa36ee0f68962ecb9","2018-06-05 03:13:58",8.16666666666667,NA,NA,NA,NA
"course-v1:MITxPRO+AMxB+1T2018","A179980","ea1d651f18c34e6fa36ee0f68962ecb9","2018-06-05 03:22:08",0,NA,NA,NA,NA
"course-v1:MITxPRO+AMxB+1T2018","A179980","ea1d651f18c34e6fa36ee0f68962ecb9","2018-06-05 03:22:08",0,NA,NA,NA,NA
"course-v1:MITxPRO+AMxB+1T2018","A179980","ea1d651f18c34e6fa36ee0f68962ecb9","2018-06-05 03:22:08",0,NA,NA,NA,NA
"course-v1:MITxPRO+AMxB+1T2018","A179980","ea1d651f18c34e6fa36ee0f68962ecb9","2018-06-05 03:22:08",0.0166666666666667,NA,NA,NA,NA
"course-v1:MITxPRO+AMxB+1T2018","A179980","ea1d651f18c34e6fa36ee0f68962ecb9","2018-06-05 03:22:09",0,NA,NA,NA,NA
"course-v1:MITxPRO+AMxB+1T2018","A179980","ea1d651f18c34e6fa36ee0f68962ecb9","2018-06-05 03:22:09",0,NA,NA,NA,NA
"course-v1:MITxPRO+AMxB+1T2018","A179980","ea1d651f18c34e6fa36ee0f68962ecb9","2018-06-05 03:22:09",0,NA,NA,NA,NA
"course-v1:MITxPRO+AMxB+1T2018","A179980","ea1d651f18c34e6fa36ee0f68962ecb9","2018-06-05 03:22:09",0,NA,NA,NA,NA
"course-v1:MITxPRO+AMxB+1T2018","A179980","ea1d651f18c34e6fa36ee0f68962ecb9","2018-06-05 03:22:09",0,NA,NA,NA,NA
"course-v1:MITxPRO+AMxB+1T2018","A179980","ea1d651f18c34e6fa36ee0f68962ecb9","2018-06-05 03:22:09",0,NA,NA,NA,NA
"course-v1:MITxPRO+AMxB+1T2018","A179980","ea1d651f18c34e6fa36ee0f68962ecb9","2018-06-05 03:22:09",10.0666666666667,NA,NA,NA,NA
"course-v1:MITxPRO+AMxB+1T2018","A179980","ea1d651f18c34e6fa36ee0f68962ecb9","2018-06-05 03:32:13",0,NA,NA,NA,NA
"course-v1:MITxPRO+AMxB+1T2018","A179980","ea1d651f18c34e6fa36ee0f68962ecb9","2018-06-05 03:32:13",0.0166666666666667,NA,NA,NA,NA
"course-v1:MITxPRO+AMxB+1T2018","A179980","ea1d651f18c34e6fa36ee0f68962ecb9","2018-06-05 03:32:14",0.0166666666666667,NA,NA,NA,NA
"course-v1:MITxPRO+AMxB+1T2018","A179980","ea1d651f18c34e6fa36ee0f68962ecb9","2018-06-05 03:32:15",0,NA,NA,NA,NA
"course-v1:MITxPRO+AMxB+1T2018","A179980","ea1d651f18c34e6fa36ee0f68962ecb9","2018-06-05 03:32:15",0,NA,NA,NA,NA
"course-v1:MITxPRO+AMxB+1T2018","A179980","ea1d651f18c34e6fa36ee0f68962ecb9","2018-06-05 03:32:15",0,NA,NA,NA,NA
"course-v1:MITxPRO+AMxB+1T2018","A179980","ea1d651f18c34e6fa36ee0f68962ecb9","2018-06-05 03:32:15",0,NA,NA,NA,NA
"course-v1:MITxPRO+AMxB+1T2018","A179980","ea1d651f18c34e6fa36ee0f68962ecb9","2018-06-05 03:32:15",0,NA,NA,NA,NA
"course-v1:MITxPRO+AMxB+1T2018","A179980","ea1d651f18c34e6fa36ee0f68962ecb9","2018-06-05 03:32:15",0,NA,NA,NA,NA
"course-v1:MITxPRO+AMxB+1T2018","A179980","ea1d651f18c34e6fa36ee0f68962ecb9","2018-06-05 03:32:15",3.85,NA,NA,NA,NA
"course-v1:MITxPRO+AMxB+1T2018","A179980","ea1d651f18c34e6fa36ee0f68962ecb9","2018-06-05 03:36:06",0,NA,NA,NA,NA
"course-v1:MITxPRO+AMxB+1T2018","A179980","ea1d651f18c34e6fa36ee0f68962ecb9","2018-06-05 03:36:06",0.133333333333333,NA,NA,NA,NA
"course-v1:MITxPRO+AMxB+1T2018","A179980","1c264c5f7377466b9165af2037ec7924","2018-06-05 03:36:32",0,NA,NA,NA,NA
"course-v1:MITxPRO+AMxB+1T2018","A179980","1c264c5f7377466b9165af2037ec7924","2018-06-05 03:36:32",0.0333333333333333,NA,NA,NA,NA
"course-v1:MITxPRO+AMxB+1T2018","A179980","a122be78c0d543548d7ba0efee3b9203","2018-06-05 03:36:34",0,NA,NA,NA,NA
"course-v1:MITxPRO+AMxB+1T2018","A179980","a122be78c0d543548d7ba0efee3b9203","2018-06-05 03:36:34",0,NA,NA,NA,NA
"course-v1:MITxPRO+AMxB+1T2018","A179980","a122be78c0d543548d7ba0efee3b9203","2018-06-05 03:36:34",0,NA,NA,NA,NA
"course-v1:MITxPRO+AMxB+1T2018","A179980","a122be78c0d543548d7ba0efee3b9203","2018-06-05 03:36:34",0,NA,NA,NA,NA
"course-v1:MITxPRO+AMxB+1T2018","A179980","a122be78c0d543548d7ba0efee3b9203","2018-06-05 03:36:34",0,NA,NA,NA,NA
"course-v1:MITxPRO+AMxB+1T2018","A179980","a122be78c0d543548d7ba0efee3b9203","2018-06-05 03:36:34",0,NA,NA,NA,NA
"course-v1:MITxPRO+AMxB+1T2018","A179980","a122be78c0d543548d7ba0efee3b9203","2018-06-05 03:36:34",0,NA,NA,NA,NA
"course-v1:MITxPRO+AMxB+1T2018","A179980","a122be78c0d543548d7ba0efee3b9203","2018-06-05 03:36:34",3.96666666666667,NA,NA,NA,NA
"course-v1:MITxPRO+AMxB+1T2018","A179980","064f627c77a54926aac5e4c6b665a883","2018-06-07 04:22:24",0.583333333333333,1,1,1,"correct"
"course-v1:MITxPRO+AMxB+1T2018","A179980","efb26d7be5e646dca9278cde2f59dbc3","2018-06-07 04:22:59",1.05,1,1,1,"correct"
"course-v1:MITxPRO+AMxB+1T2018","A179980","3b8342fbe7e1473ba44ee109673c5f1c","2018-06-07 04:24:02",0.533333333333333,1,1,1,"correct"
"course-v1:MITxPRO+AMxB+1T2018","A179980","ef612a0ce30d4b788653a525216f7837","2018-06-07 04:24:34",1.13333333333333,1,1,1,"correct"
"course-v1:MITxPRO+AMxB+1T2018","A179980","c0042f7d6c474938a3c148bd7327f564","2018-06-07 04:46:37",0.75,1,1,1,"correct"
"course-v1:MITxPRO+AMxB+1T2018","A179980","30872b6a5bee4e2f86d6f964a0e5d3f0","2018-06-07 04:47:22",0.516666666666667,1,1,1,"correct"
"course-v1:MITxPRO+AMxB+1T2018","A179980","d1676d2cecee4010a1bfe838e2e963e0","2018-06-08 02:08:31",0.0166666666666667,NA,NA,NA,NA
"course-v1:MITxPRO+AMxB+1T2018","A179980","d1676d2cecee4010a1bfe838e2e963e0","2018-06-08 02:08:32",0.0333333333333333,NA,NA,NA,NA
"course-v1:MITxPRO+AMxB+1T2018","A179980","284121c6292646548b8d11d26466f6b1","2018-06-08 02:08:34",0.1,NA,NA,NA,NA
"course-v1:MITxPRO+AMxB+1T2018","A179980","284121c6292646548b8d11d26466f6b1","2018-06-08 02:08:40",0.283333333333333,NA,NA,NA,NA
"course-v1:MITxPRO+AMxB+1T2018","A179980","578c2b6ddddd4e34af9d122be164f33c","2018-06-08 02:08:57",0,NA,NA,NA,NA
"course-v1:MITxPRO+AMxB+1T2018","A179980","d1676d2cecee4010a1bfe838e2e963e0","2018-06-08 02:08:57",0.0333333333333333,NA,NA,NA,NA
"course-v1:MITxPRO+AMxB+1T2018","A179980","eb4aca32cc664e2ab3c8ff92ac0bf578","2018-06-08 02:09:00",0.0333333333333333,NA,NA,NA,NA
"course-v1:MITxPRO+AMxB+1T2018","A179980","eb4aca32cc664e2ab3c8ff92ac0bf578","2018-06-08 02:09:02",8.18333333333333,NA,NA,NA,NA
"course-v1:MITxPRO+AMxB+1T2018","A179980","578c2b6ddddd4e34af9d122be164f33c","2018-06-08 02:17:19",0.0166666666666667,NA,NA,NA,NA
"course-v1:MITxPRO+AMxB+1T2018","A179980","d1676d2cecee4010a1bfe838e2e963e0","2018-06-08 02:17:20",0.0166666666666667,NA,NA,NA,NA
"course-v1:MITxPRO+AMxB+1T2018","A179980","284121c6292646548b8d11d26466f6b1","2018-06-08 02:17:22",0.0333333333333333,NA,NA,NA,NA
"course-v1:MITxPRO+AMxB+1T2018","A179980","284121c6292646548b8d11d26466f6b1","2018-06-08 02:17:24",8.93333333333333,NA,NA,NA,NA
"course-v1:MITxPRO+AMxB+1T2018","A179980","d1676d2cecee4010a1bfe838e2e963e0","2018-06-08 02:28:40",6.98333333333333,NA,NA,NA,NA
"course-v1:MITxPRO+AMxB+1T2018","A179980","df2d2a812d1c48c1a5df73929df11cae","2018-06-08 02:35:39",0.141666666666667,NA,NA,NA,NA
"course-v1:MITxPRO+AMxB+1T2018","A179980","4003daa3870a412991535f06b519393b","2018-06-08 04:05:37",0,NA,NA,NA,NA
"course-v1:MITxPRO+AMxB+1T2018","A179980","4003daa3870a412991535f06b519393b","2018-06-08 04:05:37",0.85,1,0,1,"incorrect"
"course-v1:MITxPRO+AMxB+1T2018","A179980","4003daa3870a412991535f06b519393b","2018-06-08 04:06:28",0.0166666666666667,2,1,1,"correct"
"course-v1:MITxPRO+AMxB+1T2018","A179980","4003daa3870a412991535f06b519393b","2018-06-08 04:06:29",0.916666666666667,NA,NA,NA,NA
"course-v1:MITxPRO+AMxB+1T2018","A179980","c1122deeb2054701b18e043764535747","2018-06-08 04:07:24",0,NA,NA,NA,NA
"course-v1:MITxPRO+AMxB+1T2018","A179980","c1122deeb2054701b18e043764535747","2018-06-08 04:07:24",3.3,1,1,1,"correct"
"course-v1:MITxPRO+AMxB+1T2018","A179980","e0fe5e4d05384ba7b7c8edc2af1dea3d","2018-06-08 04:10:42",0,NA,NA,NA,NA
"course-v1:MITxPRO+AMxB+1T2018","A179980","e0fe5e4d05384ba7b7c8edc2af1dea3d","2018-06-08 04:10:42",1.08333333333333,1,0,1,"incorrect"
"course-v1:MITxPRO+AMxB+1T2018","A179980","e0fe5e4d05384ba7b7c8edc2af1dea3d","2018-06-08 04:11:47",0,2,0,1,"incorrect"
"course-v1:MITxPRO+AMxB+1T2018","A179980","e0fe5e4d05384ba7b7c8edc2af1dea3d","2018-06-08 04:11:47",0.0833333333333333,NA,NA,NA,NA
"course-v1:MITxPRO+AMxB+1T2018","A179980","e0fe5e4d05384ba7b7c8edc2af1dea3d","2018-06-08 04:11:52",4.73333333333333,NA,NA,NA,NA
"course-v1:MITxPRO+AMxB+1T2018","A179980","0d05ee4b348f479293d6143d99f9cf17","2018-06-08 04:16:36",0,1,1,1,"correct"
"course-v1:MITxPRO+AMxB+1T2018","A179980","0d05ee4b348f479293d6143d99f9cf17","2018-06-08 04:16:36",2.15,NA,NA,NA,NA
"course-v1:MITxPRO+AMxB+1T2018","A179980","dd2e225706cb4e44a7fef817b25fc695","2018-06-08 04:18:45",0,NA,NA,NA,NA
"course-v1:MITxPRO+AMxB+1T2018","A179980","dd2e225706cb4e44a7fef817b25fc695","2018-06-08 04:18:45",0.366666666666667,1,0,1,"incorrect"
"course-v1:MITxPRO+AMxB+1T2018","A179980","dd2e225706cb4e44a7fef817b25fc695","2018-06-08 04:19:07",0.0166666666666667,2,0,1,"incorrect"
"course-v1:MITxPRO+AMxB+1T2018","A179980","dd2e225706cb4e44a7fef817b25fc695","2018-06-08 04:19:08",0.0166666666666667,NA,NA,NA,NA
"course-v1:MITxPRO+AMxB+1T2018","A179980","dd2e225706cb4e44a7fef817b25fc695","2018-06-08 04:19:09",0.216666666666667,NA,NA,NA,NA
"course-v1:MITxPRO+AMxB+1T2018","A179980","2aed08cdf76c457d88c9e15470bd6585","2018-06-08 04:19:22",0,NA,NA,NA,NA
"course-v1:MITxPRO+AMxB+1T2018","A179980","d1676d2cecee4010a1bfe838e2e963e0","2018-06-08 04:19:22",0.0333333333333333,NA,NA,NA,NA
"course-v1:MITxPRO+AMxB+1T2018","A179980","abe4cc1d66054dddbf408d5043f2921b","2018-06-08 04:19:35",0.0333333333333333,NA,NA,NA,NA
"course-v1:MITxPRO+AMxB+1T2018","A179980","1c264c5f7377466b9165af2037ec7924","2018-06-08 04:20:10",0.0166666666666667,NA,NA,NA,NA
"course-v1:MITxPRO+AMxB+1T2018","A179980","1c264c5f7377466b9165af2037ec7924","2018-06-08 04:20:11",0.0333333333333333,NA,NA,NA,NA
"course-v1:MITxPRO+AMxB+1T2018","A179980","a122be78c0d543548d7ba0efee3b9203","2018-06-08 04:20:13",0,NA,NA,NA,NA
"course-v1:MITxPRO+AMxB+1T2018","A179980","a122be78c0d543548d7ba0efee3b9203","2018-06-08 04:20:13",0,NA,NA,NA,NA
"course-v1:MITxPRO+AMxB+1T2018","A179980","a122be78c0d543548d7ba0efee3b9203","2018-06-08 04:20:13",0,NA,NA,NA,NA
"course-v1:MITxPRO+AMxB+1T2018","A179980","a122be78c0d543548d7ba0efee3b9203","2018-06-08 04:20:13",0,NA,NA,NA,NA
"course-v1:MITxPRO+AMxB+1T2018","A179980","a122be78c0d543548d7ba0efee3b9203","2018-06-08 04:20:13",0,NA,NA,NA,NA
"course-v1:MITxPRO+AMxB+1T2018","A179980","a122be78c0d543548d7ba0efee3b9203","2018-06-08 04:20:13",0,NA,NA,NA,NA
"course-v1:MITxPRO+AMxB+1T2018","A179980","a122be78c0d543548d7ba0efee3b9203","2018-06-08 04:20:13",0,NA,NA,NA,NA
"course-v1:MITxPRO+AMxB+1T2018","A179980","a122be78c0d543548d7ba0efee3b9203","2018-06-08 04:20:13",18.8,NA,NA,NA,NA
"course-v1:MITxPRO+AMxB+1T2018","A179980","1c264c5f7377466b9165af2037ec7924","2018-06-11 02:36:35",0,NA,NA,NA,NA
"course-v1:MITxPRO+AMxB+1T2018","A179980","1c264c5f7377466b9165af2037ec7924","2018-06-11 02:36:35",0.0333333333333333,NA,NA,NA,NA
"course-v1:MITxPRO+AMxB+1T2018","A179980","a122be78c0d543548d7ba0efee3b9203","2018-06-11 02:36:37",0,NA,NA,NA,NA
"course-v1:MITxPRO+AMxB+1T2018","A179980","a122be78c0d543548d7ba0efee3b9203","2018-06-11 02:36:37",0,NA,NA,NA,NA
"course-v1:MITxPRO+AMxB+1T2018","A179980","a122be78c0d543548d7ba0efee3b9203","2018-06-11 02:36:37",0,NA,NA,NA,NA
"course-v1:MITxPRO+AMxB+1T2018","A179980","a122be78c0d543548d7ba0efee3b9203","2018-06-11 02:36:37",0,NA,NA,NA,NA
"course-v1:MITxPRO+AMxB+1T2018","A179980","a122be78c0d543548d7ba0efee3b9203","2018-06-11 02:36:37",0,NA,NA,NA,NA
"course-v1:MITxPRO+AMxB+1T2018","A179980","a122be78c0d543548d7ba0efee3b9203","2018-06-11 02:36:37",0,NA,NA,NA,NA
"course-v1:MITxPRO+AMxB+1T2018","A179980","a122be78c0d543548d7ba0efee3b9203","2018-06-11 02:36:37",0,NA,NA,NA,NA
"course-v1:MITxPRO+AMxB+1T2018","A179980","a122be78c0d543548d7ba0efee3b9203","2018-06-11 02:36:37",5.18333333333333,NA,NA,NA,NA
"course-v1:MITxPRO+AMxB+1T2018","A179980","a122be78c0d543548d7ba0efee3b9203","2018-06-11 03:22:24",0,NA,NA,NA,NA
"course-v1:MITxPRO+AMxB+1T2018","A179980","a122be78c0d543548d7ba0efee3b9203","2018-06-11 03:22:24",1.73333333333333,NA,NA,NA,NA
"course-v1:MITxPRO+AMxB+1T2018","A179980","a122be78c0d543548d7ba0efee3b9203","2018-06-11 03:24:08",0,NA,NA,NA,NA
"course-v1:MITxPRO+AMxB+1T2018","A179980","a122be78c0d543548d7ba0efee3b9203","2018-06-11 03:24:08",1.7,NA,NA,NA,NA
"course-v1:MITxPRO+AMxB+1T2018","A179980","a122be78c0d543548d7ba0efee3b9203","2018-06-11 03:25:50",0,NA,NA,NA,NA
"course-v1:MITxPRO+AMxB+1T2018","A179980","a122be78c0d543548d7ba0efee3b9203","2018-06-11 03:25:50",0.466666666666667,NA,NA,NA,NA
"course-v1:MITxPRO+AMxB+1T2018","A179980","5c59b11e8d4847a68a4443a434cf2f17","2018-06-11 03:26:18",0,NA,NA,NA,NA
"course-v1:MITxPRO+AMxB+1T2018","A179980","5c59b11e8d4847a68a4443a434cf2f17","2018-06-11 03:26:18",0.0833333333333333,NA,NA,NA,NA
"course-v1:MITxPRO+AMxB+1T2018","A179980","0a5bddc1df4b49cf9b4d4ff1d9638cdd","2018-06-11 03:26:23",2.75,NA,NA,NA,NA
"course-v1:MITxPRO+AMxB+1T2018","A179980","a122be78c0d543548d7ba0efee3b9203","2018-06-11 03:29:08",0,NA,NA,NA,NA
"course-v1:MITxPRO+AMxB+1T2018","A179980","a122be78c0d543548d7ba0efee3b9203","2018-06-11 03:29:08",1.96666666666667,NA,NA,NA,NA
"course-v1:MITxPRO+AMxB+1T2018","A179980","a122be78c0d543548d7ba0efee3b9203","2018-06-11 03:31:06",0,NA,NA,NA,NA
"course-v1:MITxPRO+AMxB+1T2018","A179980","a122be78c0d543548d7ba0efee3b9203","2018-06-11 03:31:06",0.616666666666667,NA,NA,NA,NA
"course-v1:MITxPRO+AMxB+1T2018","A179980","a122be78c0d543548d7ba0efee3b9203","2018-06-11 03:31:43",0.0166666666666667,NA,NA,NA,NA
"course-v1:MITxPRO+AMxB+1T2018","A179980","a122be78c0d543548d7ba0efee3b9203","2018-06-11 03:31:44",0.35,NA,NA,NA,NA
"course-v1:MITxPRO+AMxB+1T2018","A179980","a122be78c0d543548d7ba0efee3b9203","2018-06-11 03:32:05",0.0166666666666667,NA,NA,NA,NA
"course-v1:MITxPRO+AMxB+1T2018","A179980","a122be78c0d543548d7ba0efee3b9203","2018-06-11 03:32:06",0.433333333333333,NA,NA,NA,NA
"course-v1:MITxPRO+AMxB+1T2018","A179980","a122be78c0d543548d7ba0efee3b9203","2018-06-11 03:32:32",0,NA,NA,NA,NA
"course-v1:MITxPRO+AMxB+1T2018","A179980","a122be78c0d543548d7ba0efee3b9203","2018-06-11 03:32:32",12.4333333333333,NA,NA,NA,NA
"course-v1:MITxPRO+AMxB+1T2018","A179980","a122be78c0d543548d7ba0efee3b9203","2018-06-11 03:44:58",0,NA,NA,NA,NA
"course-v1:MITxPRO+AMxB+1T2018","A179980","a122be78c0d543548d7ba0efee3b9203","2018-06-11 03:44:58",4.53333333333333,NA,NA,NA,NA
"course-v1:MITxPRO+AMxB+1T2018","A179980","a122be78c0d543548d7ba0efee3b9203","2018-06-11 03:49:30",0,NA,NA,NA,NA
"course-v1:MITxPRO+AMxB+1T2018","A179980","a122be78c0d543548d7ba0efee3b9203","2018-06-11 03:49:30",3.1,NA,NA,NA,NA
"course-v1:MITxPRO+AMxB+1T2018","A179980","a122be78c0d543548d7ba0efee3b9203","2018-06-11 03:52:36",0,NA,NA,NA,NA
"course-v1:MITxPRO+AMxB+1T2018","A179980","a122be78c0d543548d7ba0efee3b9203","2018-06-11 03:52:36",3.66666666666667,NA,NA,NA,NA
"course-v1:MITxPRO+AMxB+1T2018","A179980","a122be78c0d543548d7ba0efee3b9203","2018-06-11 03:56:16",0,NA,NA,NA,NA
"course-v1:MITxPRO+AMxB+1T2018","A179980","a122be78c0d543548d7ba0efee3b9203","2018-06-11 03:56:16",1.56666666666667,NA,NA,NA,NA
"course-v1:MITxPRO+AMxB+1T2018","A179980","a122be78c0d543548d7ba0efee3b9203","2018-06-11 03:57:50",0,NA,NA,NA,NA
"course-v1:MITxPRO+AMxB+1T2018","A179980","a122be78c0d543548d7ba0efee3b9203","2018-06-11 03:57:50",3.1,NA,NA,NA,NA
"course-v1:MITxPRO+AMxB+1T2018","A179980","a122be78c0d543548d7ba0efee3b9203","2018-06-11 04:00:56",0,NA,NA,NA,NA
"course-v1:MITxPRO+AMxB+1T2018","A179980","a122be78c0d543548d7ba0efee3b9203","2018-06-11 04:00:56",4.46666666666667,NA,NA,NA,NA
"course-v1:MITxPRO+AMxB+1T2018","A179980","a122be78c0d543548d7ba0efee3b9203","2018-06-11 04:05:24",0,NA,NA,NA,NA
"course-v1:MITxPRO+AMxB+1T2018","A179980","a122be78c0d543548d7ba0efee3b9203","2018-06-11 04:05:24",11.2333333333333,NA,NA,NA,NA
"course-v1:MITxPRO+AMxB+1T2018","A179980","a122be78c0d543548d7ba0efee3b9203","2018-06-11 04:16:38",0,NA,NA,NA,NA
"course-v1:MITxPRO+AMxB+1T2018","A179980","a122be78c0d543548d7ba0efee3b9203","2018-06-11 04:16:38",3.28333333333333,NA,NA,NA,NA
"course-v1:MITxPRO+AMxB+1T2018","A179980","a122be78c0d543548d7ba0efee3b9203","2018-06-11 04:19:55",0.0166666666666667,NA,NA,NA,NA
"course-v1:MITxPRO+AMxB+1T2018","A179980","a122be78c0d543548d7ba0efee3b9203","2018-06-11 04:19:56",2.38333333333333,NA,NA,NA,NA
"course-v1:MITxPRO+AMxB+1T2018","A179980","a122be78c0d543548d7ba0efee3b9203","2018-06-11 04:22:19",0.0166666666666667,NA,NA,NA,NA
"course-v1:MITxPRO+AMxB+1T2018","A179980","a122be78c0d543548d7ba0efee3b9203","2018-06-11 04:22:20",0,NA,NA,NA,NA
"course-v1:MITxPRO+AMxB+1T2018","A179980","a122be78c0d543548d7ba0efee3b9203","2018-06-11 04:22:20",0,NA,NA,NA,NA
"course-v1:MITxPRO+AMxB+1T2018","A179980","a122be78c0d543548d7ba0efee3b9203","2018-06-11 04:22:20",0.0166666666666667,NA,NA,NA,NA
"course-v1:MITxPRO+AMxB+1T2018","A179980","a122be78c0d543548d7ba0efee3b9203","2018-06-11 04:22:21",0.25,NA,NA,NA,NA
"course-v1:MITxPRO+AMxB+1T2018","A179980","a122be78c0d543548d7ba0efee3b9203","2018-06-11 04:22:36",0,NA,NA,NA,NA
"course-v1:MITxPRO+AMxB+1T2018","A179980","a122be78c0d543548d7ba0efee3b9203","2018-06-11 04:22:36",0,NA,NA,NA,NA
"course-v1:MITxPRO+AMxB+1T2018","A179980","a122be78c0d543548d7ba0efee3b9203","2018-06-11 04:22:36",0,NA,NA,NA,NA
"course-v1:MITxPRO+AMxB+1T2018","A179980","a122be78c0d543548d7ba0efee3b9203","2018-06-11 04:22:36",0,NA,NA,NA,NA
"course-v1:MITxPRO+AMxB+1T2018","A179980","a122be78c0d543548d7ba0efee3b9203","2018-06-11 04:22:36",0,NA,NA,NA,NA
"course-v1:MITxPRO+AMxB+1T2018","A179980","a122be78c0d543548d7ba0efee3b9203","2018-06-11 04:22:36",0,NA,NA,NA,NA
"course-v1:MITxPRO+AMxB+1T2018","A179980","a122be78c0d543548d7ba0efee3b9203","2018-06-11 04:22:36",0,NA,NA,NA,NA
"course-v1:MITxPRO+AMxB+1T2018","A179980","a122be78c0d543548d7ba0efee3b9203","2018-06-11 04:22:36",0,NA,NA,NA,NA
"course-v1:MITxPRO+AMxB+1T2018","A179980","a122be78c0d543548d7ba0efee3b9203","2018-06-11 04:22:36",0,NA,NA,NA,NA
"course-v1:MITxPRO+AMxB+1T2018","A179980","a122be78c0d543548d7ba0efee3b9203","2018-06-11 04:22:36",0.0166666666666667,NA,NA,NA,NA
"course-v1:MITxPRO+AMxB+1T2018","A179980","a122be78c0d543548d7ba0efee3b9203","2018-06-11 04:22:37",0.416666666666667,NA,NA,NA,NA
"course-v1:MITxPRO+AMxB+1T2018","A179980","5c59b11e8d4847a68a4443a434cf2f17","2018-06-13 02:11:59",0.0666666666666667,NA,NA,NA,NA
"course-v1:MITxPRO+AMxB+1T2018","A179980","0a5bddc1df4b49cf9b4d4ff1d9638cdd","2018-06-13 02:12:03",0.05,NA,NA,NA,NA
"course-v1:MITxPRO+AMxB+1T2018","A179980","1c264c5f7377466b9165af2037ec7924","2018-06-13 02:12:21",0,NA,NA,NA,NA
"course-v1:MITxPRO+AMxB+1T2018","A179980","1c264c5f7377466b9165af2037ec7924","2018-06-13 02:12:21",0.0333333333333333,NA,NA,NA,NA
"course-v1:MITxPRO+AMxB+1T2018","A179980","a122be78c0d543548d7ba0efee3b9203","2018-06-13 02:12:23",0,NA,NA,NA,NA
"course-v1:MITxPRO+AMxB+1T2018","A179980","a122be78c0d543548d7ba0efee3b9203","2018-06-13 02:12:23",0,NA,NA,NA,NA
"course-v1:MITxPRO+AMxB+1T2018","A179980","a122be78c0d543548d7ba0efee3b9203","2018-06-13 02:12:23",0,NA,NA,NA,NA
"course-v1:MITxPRO+AMxB+1T2018","A179980","a122be78c0d543548d7ba0efee3b9203","2018-06-13 02:12:23",0,NA,NA,NA,NA
"course-v1:MITxPRO+AMxB+1T2018","A179980","a122be78c0d543548d7ba0efee3b9203","2018-06-13 02:12:23",0,NA,NA,NA,NA
"course-v1:MITxPRO+AMxB+1T2018","A179980","a122be78c0d543548d7ba0efee3b9203","2018-06-13 02:12:23",0.0166666666666667,NA,NA,NA,NA
"course-v1:MITxPRO+AMxB+1T2018","A179980","a122be78c0d543548d7ba0efee3b9203","2018-06-13 02:12:24",0,NA,NA,NA,NA
"course-v1:MITxPRO+AMxB+1T2018","A179980","a122be78c0d543548d7ba0efee3b9203","2018-06-13 02:12:24",0,NA,NA,NA,NA
"course-v1:MITxPRO+AMxB+1T2018","A179980","a122be78c0d543548d7ba0efee3b9203","2018-06-13 02:12:24",3.71666666666667,NA,NA,NA,NA
"course-v1:MITxPRO+AMxB+1T2018","A179980","a122be78c0d543548d7ba0efee3b9203","2018-06-13 02:16:07",0,NA,NA,NA,NA
"course-v1:MITxPRO+AMxB+1T2018","A179980","a122be78c0d543548d7ba0efee3b9203","2018-06-13 02:16:07",0,NA,NA,NA,NA
"course-v1:MITxPRO+AMxB+1T2018","A179980","a122be78c0d543548d7ba0efee3b9203","2018-06-13 02:16:07",0.0166666666666667,NA,NA,NA,NA
"course-v1:MITxPRO+AMxB+1T2018","A179980","a122be78c0d543548d7ba0efee3b9203","2018-06-13 02:16:08",0,NA,NA,NA,NA
"course-v1:MITxPRO+AMxB+1T2018","A179980","a122be78c0d543548d7ba0efee3b9203","2018-06-13 02:16:08",0,NA,NA,NA,NA
"course-v1:MITxPRO+AMxB+1T2018","A179980","a122be78c0d543548d7ba0efee3b9203","2018-06-13 02:16:08",0,NA,NA,NA,NA
"course-v1:MITxPRO+AMxB+1T2018","A179980","a122be78c0d543548d7ba0efee3b9203","2018-06-13 02:16:08",0,NA,NA,NA,NA
"course-v1:MITxPRO+AMxB+1T2018","A179980","a122be78c0d543548d7ba0efee3b9203","2018-06-13 02:16:08",0,NA,NA,NA,NA
"course-v1:MITxPRO+AMxB+1T2018","A179980","a122be78c0d543548d7ba0efee3b9203","2018-06-13 02:16:08",0,NA,NA,NA,NA
"course-v1:MITxPRO+AMxB+1T2018","A179980","a122be78c0d543548d7ba0efee3b9203","2018-06-13 02:16:08",0,NA,NA,NA,NA
"course-v1:MITxPRO+AMxB+1T2018","A179980","a122be78c0d543548d7ba0efee3b9203","2018-06-13 02:16:08",3.9,NA,NA,NA,NA
"course-v1:MITxPRO+AMxB+1T2018","A179980","a122be78c0d543548d7ba0efee3b9203","2018-06-13 02:20:02",0,NA,NA,NA,NA
"course-v1:MITxPRO+AMxB+1T2018","A179980","a122be78c0d543548d7ba0efee3b9203","2018-06-13 02:20:02",0,NA,NA,NA,NA
"course-v1:MITxPRO+AMxB+1T2018","A179980","a122be78c0d543548d7ba0efee3b9203","2018-06-13 02:20:02",0,NA,NA,NA,NA
"course-v1:MITxPRO+AMxB+1T2018","A179980","a122be78c0d543548d7ba0efee3b9203","2018-06-13 02:20:02",0,NA,NA,NA,NA
"course-v1:MITxPRO+AMxB+1T2018","A179980","a122be78c0d543548d7ba0efee3b9203","2018-06-13 02:20:02",0,NA,NA,NA,NA
"course-v1:MITxPRO+AMxB+1T2018","A179980","a122be78c0d543548d7ba0efee3b9203","2018-06-13 02:20:02",0,NA,NA,NA,NA
"course-v1:MITxPRO+AMxB+1T2018","A179980","a122be78c0d543548d7ba0efee3b9203","2018-06-13 02:20:02",0,NA,NA,NA,NA
"course-v1:MITxPRO+AMxB+1T2018","A179980","a122be78c0d543548d7ba0efee3b9203","2018-06-13 02:20:02",0,NA,NA,NA,NA
"course-v1:MITxPRO+AMxB+1T2018","A179980","a122be78c0d543548d7ba0efee3b9203","2018-06-13 02:20:02",0,NA,NA,NA,NA
"course-v1:MITxPRO+AMxB+1T2018","A179980","a122be78c0d543548d7ba0efee3b9203","2018-06-13 02:20:02",0,NA,NA,NA,NA
"course-v1:MITxPRO+AMxB+1T2018","A179980","a122be78c0d543548d7ba0efee3b9203","2018-06-13 02:20:02",3.93333333333333,NA,NA,NA,NA
"course-v1:MITxPRO+AMxB+1T2018","A179980","a122be78c0d543548d7ba0efee3b9203","2018-06-13 02:23:58",0,NA,NA,NA,NA
"course-v1:MITxPRO+AMxB+1T2018","A179980","a122be78c0d543548d7ba0efee3b9203","2018-06-13 02:23:58",0,NA,NA,NA,NA
"course-v1:MITxPRO+AMxB+1T2018","A179980","a122be78c0d543548d7ba0efee3b9203","2018-06-13 02:23:58",0.0166666666666667,NA,NA,NA,NA
"course-v1:MITxPRO+AMxB+1T2018","A179980","a122be78c0d543548d7ba0efee3b9203","2018-06-13 02:23:59",0.0166666666666667,NA,NA,NA,NA
"course-v1:MITxPRO+AMxB+1T2018","A179980","a122be78c0d543548d7ba0efee3b9203","2018-06-13 02:24:00",0,NA,NA,NA,NA
"course-v1:MITxPRO+AMxB+1T2018","A179980","a122be78c0d543548d7ba0efee3b9203","2018-06-13 02:24:00",0,NA,NA,NA,NA
"course-v1:MITxPRO+AMxB+1T2018","A179980","a122be78c0d543548d7ba0efee3b9203","2018-06-13 02:24:00",0,NA,NA,NA,NA
"course-v1:MITxPRO+AMxB+1T2018","A179980","a122be78c0d543548d7ba0efee3b9203","2018-06-13 02:24:00",0,NA,NA,NA,NA
"course-v1:MITxPRO+AMxB+1T2018","A179980","a122be78c0d543548d7ba0efee3b9203","2018-06-13 02:24:00",0,NA,NA,NA,NA
"course-v1:MITxPRO+AMxB+1T2018","A179980","a122be78c0d543548d7ba0efee3b9203","2018-06-13 02:24:00",0.4,NA,NA,NA,NA
"course-v1:MITxPRO+AMxB+1T2018","A179980","a122be78c0d543548d7ba0efee3b9203","2018-06-13 02:24:24",0,NA,NA,NA,NA
"course-v1:MITxPRO+AMxB+1T2018","A179980","a122be78c0d543548d7ba0efee3b9203","2018-06-13 02:24:24",0.15,NA,NA,NA,NA
"course-v1:MITxPRO+AMxB+1T2018","A179980","66e3bd0917b64e4e96809be332b6d1a2","2018-06-13 02:24:45",0,NA,NA,NA,NA
"course-v1:MITxPRO+AMxB+1T2018","A179980","66e3bd0917b64e4e96809be332b6d1a2","2018-06-13 02:24:45",0.0333333333333333,NA,NA,NA,NA
"course-v1:MITxPRO+AMxB+1T2018","A179980","504d2512a7124c439fd2861dbf720058","2018-06-13 02:24:47",0,NA,NA,NA,NA
"course-v1:MITxPRO+AMxB+1T2018","A179980","504d2512a7124c439fd2861dbf720058","2018-06-13 02:24:47",0,NA,NA,NA,NA
"course-v1:MITxPRO+AMxB+1T2018","A179980","504d2512a7124c439fd2861dbf720058","2018-06-13 02:24:47",0,NA,NA,NA,NA
"course-v1:MITxPRO+AMxB+1T2018","A179980","504d2512a7124c439fd2861dbf720058","2018-06-13 02:24:47",0,NA,NA,NA,NA
"course-v1:MITxPRO+AMxB+1T2018","A179980","504d2512a7124c439fd2861dbf720058","2018-06-13 02:24:47",0,NA,NA,NA,NA
"course-v1:MITxPRO+AMxB+1T2018","A179980","504d2512a7124c439fd2861dbf720058","2018-06-13 02:24:47",0,NA,NA,NA,NA
"course-v1:MITxPRO+AMxB+1T2018","A179980","504d2512a7124c439fd2861dbf720058","2018-06-13 02:24:47",0,NA,NA,NA,NA
"course-v1:MITxPRO+AMxB+1T2018","A179980","504d2512a7124c439fd2861dbf720058","2018-06-13 02:24:47",0.533333333333333,NA,NA,NA,NA
"course-v1:MITxPRO+AMxB+1T2018","A179980","66e3bd0917b64e4e96809be332b6d1a2","2018-06-13 02:25:19",0.0333333333333333,NA,NA,NA,NA
"course-v1:MITxPRO+AMxB+1T2018","A179980","0e9814b3e2a94eddae75b154afe501f3","2018-06-13 02:25:31",0,NA,NA,NA,NA
"course-v1:MITxPRO+AMxB+1T2018","A179980","0e9814b3e2a94eddae75b154afe501f3","2018-06-13 02:25:31",0.05,NA,NA,NA,NA
"course-v1:MITxPRO+AMxB+1T2018","A179980","66e3bd0917b64e4e96809be332b6d1a2","2018-06-13 02:25:34",0,NA,NA,NA,NA
"course-v1:MITxPRO+AMxB+1T2018","A179980","0e9814b3e2a94eddae75b154afe501f3","2018-06-13 02:25:34",0.0166666666666667,NA,NA,NA,NA
"course-v1:MITxPRO+AMxB+1T2018","A179980","504d2512a7124c439fd2861dbf720058","2018-06-13 02:25:36",0,NA,NA,NA,NA
"course-v1:MITxPRO+AMxB+1T2018","A179980","504d2512a7124c439fd2861dbf720058","2018-06-13 02:25:36",0,NA,NA,NA,NA
"course-v1:MITxPRO+AMxB+1T2018","A179980","504d2512a7124c439fd2861dbf720058","2018-06-13 02:25:36",0,NA,NA,NA,NA
"course-v1:MITxPRO+AMxB+1T2018","A179980","504d2512a7124c439fd2861dbf720058","2018-06-13 02:25:36",0,NA,NA,NA,NA
"course-v1:MITxPRO+AMxB+1T2018","A179980","504d2512a7124c439fd2861dbf720058","2018-06-13 02:25:36",0,NA,NA,NA,NA
"course-v1:MITxPRO+AMxB+1T2018","A179980","504d2512a7124c439fd2861dbf720058","2018-06-13 02:25:36",0,NA,NA,NA,NA
"course-v1:MITxPRO+AMxB+1T2018","A179980","504d2512a7124c439fd2861dbf720058","2018-06-13 02:25:36",0,NA,NA,NA,NA
"course-v1:MITxPRO+AMxB+1T2018","A179980","504d2512a7124c439fd2861dbf720058","2018-06-13 02:25:36",0.316666666666667,NA,NA,NA,NA
"course-v1:MITxPRO+AMxB+1T2018","A179980","66e3bd0917b64e4e96809be332b6d1a2","2018-06-13 02:25:55",0,NA,NA,NA,NA
"course-v1:MITxPRO+AMxB+1T2018","A179980","744dad1a12a449ebbfc22c507e1e0e1f","2018-06-13 02:25:55",0.0333333333333333,NA,NA,NA,NA
"course-v1:MITxPRO+AMxB+1T2018","A179980","c3a17ced051f48f9aecf9ed2dba5040e","2018-06-13 02:25:57",0,NA,NA,NA,NA
"course-v1:MITxPRO+AMxB+1T2018","A179980","c3a17ced051f48f9aecf9ed2dba5040e","2018-06-13 02:25:57",0,NA,NA,NA,NA
"course-v1:MITxPRO+AMxB+1T2018","A179980","c3a17ced051f48f9aecf9ed2dba5040e","2018-06-13 02:25:57",0,NA,NA,NA,NA
"course-v1:MITxPRO+AMxB+1T2018","A179980","c3a17ced051f48f9aecf9ed2dba5040e","2018-06-13 02:25:57",0,NA,NA,NA,NA
"course-v1:MITxPRO+AMxB+1T2018","A179980","c3a17ced051f48f9aecf9ed2dba5040e","2018-06-13 02:25:57",0,NA,NA,NA,NA
"course-v1:MITxPRO+AMxB+1T2018","A179980","c3a17ced051f48f9aecf9ed2dba5040e","2018-06-13 02:25:57",0,NA,NA,NA,NA
"course-v1:MITxPRO+AMxB+1T2018","A179980","c3a17ced051f48f9aecf9ed2dba5040e","2018-06-13 02:25:57",0.0166666666666667,NA,NA,NA,NA
"course-v1:MITxPRO+AMxB+1T2018","A179980","c3a17ced051f48f9aecf9ed2dba5040e","2018-06-13 02:25:58",0.0333333333333333,NA,NA,NA,NA
"course-v1:MITxPRO+AMxB+1T2018","A179980","744dad1a12a449ebbfc22c507e1e0e1f","2018-06-13 02:26:00",0,NA,NA,NA,NA
"course-v1:MITxPRO+AMxB+1T2018","A179980","66e3bd0917b64e4e96809be332b6d1a2","2018-06-13 02:26:06",0.0166666666666667,NA,NA,NA,NA
"course-v1:MITxPRO+AMxB+1T2018","A179980","66e3bd0917b64e4e96809be332b6d1a2","2018-06-13 02:26:07",0.0333333333333333,NA,NA,NA,NA
"course-v1:MITxPRO+AMxB+1T2018","A179980","504d2512a7124c439fd2861dbf720058","2018-06-13 02:26:09",0,NA,NA,NA,NA
"course-v1:MITxPRO+AMxB+1T2018","A179980","504d2512a7124c439fd2861dbf720058","2018-06-13 02:26:09",0,NA,NA,NA,NA
"course-v1:MITxPRO+AMxB+1T2018","A179980","504d2512a7124c439fd2861dbf720058","2018-06-13 02:26:09",0.0166666666666667,NA,NA,NA,NA
"course-v1:MITxPRO+AMxB+1T2018","A179980","504d2512a7124c439fd2861dbf720058","2018-06-13 02:26:10",0,NA,NA,NA,NA
"course-v1:MITxPRO+AMxB+1T2018","A179980","504d2512a7124c439fd2861dbf720058","2018-06-13 02:26:10",0,NA,NA,NA,NA
"course-v1:MITxPRO+AMxB+1T2018","A179980","504d2512a7124c439fd2861dbf720058","2018-06-13 02:26:10",0.0166666666666667,NA,NA,NA,NA
"course-v1:MITxPRO+AMxB+1T2018","A179980","504d2512a7124c439fd2861dbf720058","2018-06-13 02:26:11",0,NA,NA,NA,NA
"course-v1:MITxPRO+AMxB+1T2018","A179980","504d2512a7124c439fd2861dbf720058","2018-06-13 02:26:11",0.0166666666666667,NA,NA,NA,NA
"course-v1:MITxPRO+AMxB+1T2018","A179980","66e3bd0917b64e4e96809be332b6d1a2","2018-06-13 02:26:12",0,NA,NA,NA,NA
"course-v1:MITxPRO+AMxB+1T2018","A179980","0e9814b3e2a94eddae75b154afe501f3","2018-06-13 02:26:12",0.0166666666666667,NA,NA,NA,NA
"course-v1:MITxPRO+AMxB+1T2018","A179980","66e3bd0917b64e4e96809be332b6d1a2","2018-06-13 02:30:14",0.0333333333333333,NA,NA,NA,NA
"course-v1:MITxPRO+AMxB+1T2018","A179980","504d2512a7124c439fd2861dbf720058","2018-06-13 02:30:16",0,NA,NA,NA,NA
"course-v1:MITxPRO+AMxB+1T2018","A179980","504d2512a7124c439fd2861dbf720058","2018-06-13 02:30:16",0,NA,NA,NA,NA
"course-v1:MITxPRO+AMxB+1T2018","A179980","504d2512a7124c439fd2861dbf720058","2018-06-13 02:30:16",0,NA,NA,NA,NA
"course-v1:MITxPRO+AMxB+1T2018","A179980","504d2512a7124c439fd2861dbf720058","2018-06-13 02:30:16",0,NA,NA,NA,NA
"course-v1:MITxPRO+AMxB+1T2018","A179980","504d2512a7124c439fd2861dbf720058","2018-06-13 02:30:16",0,NA,NA,NA,NA
"course-v1:MITxPRO+AMxB+1T2018","A179980","504d2512a7124c439fd2861dbf720058","2018-06-13 02:30:16",0,NA,NA,NA,NA
"course-v1:MITxPRO+AMxB+1T2018","A179980","504d2512a7124c439fd2861dbf720058","2018-06-13 02:30:16",7.31666666666667,NA,NA,NA,NA
"course-v1:MITxPRO+AMxB+1T2018","A179980","744dad1a12a449ebbfc22c507e1e0e1f","2018-06-13 02:37:49",0,NA,NA,NA,NA
"course-v1:MITxPRO+AMxB+1T2018","A179980","744dad1a12a449ebbfc22c507e1e0e1f","2018-06-13 02:37:49",0.0333333333333333,NA,NA,NA,NA
"course-v1:MITxPRO+AMxB+1T2018","A179980","c3a17ced051f48f9aecf9ed2dba5040e","2018-06-13 02:37:51",0,NA,NA,NA,NA
"course-v1:MITxPRO+AMxB+1T2018","A179980","c3a17ced051f48f9aecf9ed2dba5040e","2018-06-13 02:37:51",0,NA,NA,NA,NA
"course-v1:MITxPRO+AMxB+1T2018","A179980","c3a17ced051f48f9aecf9ed2dba5040e","2018-06-13 02:37:51",0,NA,NA,NA,NA
"course-v1:MITxPRO+AMxB+1T2018","A179980","c3a17ced051f48f9aecf9ed2dba5040e","2018-06-13 02:37:51",0,NA,NA,NA,NA
"course-v1:MITxPRO+AMxB+1T2018","A179980","c3a17ced051f48f9aecf9ed2dba5040e","2018-06-13 02:37:51",0,NA,NA,NA,NA
"course-v1:MITxPRO+AMxB+1T2018","A179980","c3a17ced051f48f9aecf9ed2dba5040e","2018-06-13 02:37:51",0,NA,NA,NA,NA
"course-v1:MITxPRO+AMxB+1T2018","A179980","c3a17ced051f48f9aecf9ed2dba5040e","2018-06-13 02:37:51",0,NA,NA,NA,NA
"course-v1:MITxPRO+AMxB+1T2018","A179980","c3a17ced051f48f9aecf9ed2dba5040e","2018-06-13 02:37:51",0.05,NA,NA,NA,NA
"course-v1:MITxPRO+AMxB+1T2018","A179980","744dad1a12a449ebbfc22c507e1e0e1f","2018-06-13 02:39:38",0,NA,NA,NA,NA
"course-v1:MITxPRO+AMxB+1T2018","A179980","fd91554a3bf54ebdbf6ea67124fbd06c","2018-06-13 02:39:38",0.0166666666666667,NA,NA,NA,NA
"course-v1:MITxPRO+AMxB+1T2018","A179980","7713838e40dc441cb6c177b4812abb79","2018-06-13 02:39:40",0,NA,NA,NA,NA
"course-v1:MITxPRO+AMxB+1T2018","A179980","7713838e40dc441cb6c177b4812abb79","2018-06-13 02:39:40",0,NA,NA,NA,NA
"course-v1:MITxPRO+AMxB+1T2018","A179980","7713838e40dc441cb6c177b4812abb79","2018-06-13 02:39:40",0,NA,NA,NA,NA
"course-v1:MITxPRO+AMxB+1T2018","A179980","7713838e40dc441cb6c177b4812abb79","2018-06-13 02:39:40",0,NA,NA,NA,NA
"course-v1:MITxPRO+AMxB+1T2018","A179980","7713838e40dc441cb6c177b4812abb79","2018-06-13 02:39:40",0,NA,NA,NA,NA
"course-v1:MITxPRO+AMxB+1T2018","A179980","7713838e40dc441cb6c177b4812abb79","2018-06-13 02:39:40",0,NA,NA,NA,NA
"course-v1:MITxPRO+AMxB+1T2018","A179980","7713838e40dc441cb6c177b4812abb79","2018-06-13 02:39:40",0,NA,NA,NA,NA
"course-v1:MITxPRO+AMxB+1T2018","A179980","7713838e40dc441cb6c177b4812abb79","2018-06-13 02:39:40",0,NA,NA,NA,NA
"course-v1:MITxPRO+AMxB+1T2018","A179980","ad172c9eaecf4a59bba2238ca2bb3990","2018-06-18 03:10:54",0.0166666666666667,NA,NA,NA,NA
"course-v1:MITxPRO+AMxB+1T2018","A179980","ad172c9eaecf4a59bba2238ca2bb3990","2018-06-18 03:10:55",0.05,NA,NA,NA,NA
"course-v1:MITxPRO+AMxB+1T2018","A179980","b4b721ff8e98417a9ffd504f445c8998","2018-06-18 03:10:58",0.2,NA,NA,NA,NA
"course-v1:MITxPRO+AMxB+1T2018","A179980","a27e6ccbd699476c823afe67c91324cf","2018-06-18 03:11:10",0,NA,NA,NA,NA
"course-v1:MITxPRO+AMxB+1T2018","A179980","ad172c9eaecf4a59bba2238ca2bb3990","2018-06-18 03:11:10",0.0166666666666667,NA,NA,NA,NA
"course-v1:MITxPRO+AMxB+1T2018","A179980","3a515431ad5d4619b97924675284a684","2018-06-18 03:11:13",0.1,NA,NA,NA,NA
"course-v1:MITxPRO+AMxB+1T2018","A179980","064f627c77a54926aac5e4c6b665a883","2018-06-18 03:11:19",0,NA,NA,NA,NA
"course-v1:MITxPRO+AMxB+1T2018","A179980","a27e6ccbd699476c823afe67c91324cf","2018-06-18 03:11:19",0.05,NA,NA,NA,NA
"course-v1:MITxPRO+AMxB+1T2018","A179980","202fe760f26e4bd7a5a9cd1926e3f678","2018-06-18 03:12:10",0,NA,NA,NA,NA
"course-v1:MITxPRO+AMxB+1T2018","A179980","064f627c77a54926aac5e4c6b665a883","2018-06-18 03:12:10",0.0666666666666667,NA,NA,NA,NA
"course-v1:MITxPRO+AMxB+1T2018","A179980","3e3428242983494095b0d25bad62a657","2018-06-18 03:12:14",0,NA,NA,NA,NA
"course-v1:MITxPRO+AMxB+1T2018","A179980","202fe760f26e4bd7a5a9cd1926e3f678","2018-06-18 03:54:25",0.0666666666666667,NA,NA,NA,NA
"course-v1:MITxPRO+AMxB+1T2018","A179980","3e3428242983494095b0d25bad62a657","2018-06-18 03:54:29",0.05,NA,NA,NA,NA
"course-v1:MITxPRO+AMxB+1T2018","A179980","744dad1a12a449ebbfc22c507e1e0e1f","2018-06-18 04:28:30",0,NA,NA,NA,NA
"course-v1:MITxPRO+AMxB+1T2018","A179980","744dad1a12a449ebbfc22c507e1e0e1f","2018-06-18 04:28:30",0.0333333333333333,NA,NA,NA,NA
"course-v1:MITxPRO+AMxB+1T2018","A179980","c3a17ced051f48f9aecf9ed2dba5040e","2018-06-18 04:28:32",0,NA,NA,NA,NA
"course-v1:MITxPRO+AMxB+1T2018","A179980","c3a17ced051f48f9aecf9ed2dba5040e","2018-06-18 04:28:32",0,NA,NA,NA,NA
"course-v1:MITxPRO+AMxB+1T2018","A179980","c3a17ced051f48f9aecf9ed2dba5040e","2018-06-18 04:28:32",0,NA,NA,NA,NA
"course-v1:MITxPRO+AMxB+1T2018","A179980","c3a17ced051f48f9aecf9ed2dba5040e","2018-06-18 04:28:32",0,NA,NA,NA,NA
"course-v1:MITxPRO+AMxB+1T2018","A179980","c3a17ced051f48f9aecf9ed2dba5040e","2018-06-18 04:28:32",0,NA,NA,NA,NA
"course-v1:MITxPRO+AMxB+1T2018","A179980","c3a17ced051f48f9aecf9ed2dba5040e","2018-06-18 04:28:32",0,NA,NA,NA,NA
"course-v1:MITxPRO+AMxB+1T2018","A179980","c3a17ced051f48f9aecf9ed2dba5040e","2018-06-18 04:28:32",0,NA,NA,NA,NA
"course-v1:MITxPRO+AMxB+1T2018","A179980","c3a17ced051f48f9aecf9ed2dba5040e","2018-06-18 04:28:32",3.43333333333333,NA,NA,NA,NA
"course-v1:MITxPRO+AMxB+1T2018","A179980","744dad1a12a449ebbfc22c507e1e0e1f","2018-06-18 05:22:20",0.0166666666666667,NA,NA,NA,NA
"course-v1:MITxPRO+AMxB+1T2018","A179980","744dad1a12a449ebbfc22c507e1e0e1f","2018-06-18 05:22:21",0.0166666666666667,NA,NA,NA,NA
"course-v1:MITxPRO+AMxB+1T2018","A179980","c3a17ced051f48f9aecf9ed2dba5040e","2018-06-18 05:22:22",0,NA,NA,NA,NA
"course-v1:MITxPRO+AMxB+1T2018","A179980","c3a17ced051f48f9aecf9ed2dba5040e","2018-06-18 05:22:22",0,NA,NA,NA,NA
"course-v1:MITxPRO+AMxB+1T2018","A179980","c3a17ced051f48f9aecf9ed2dba5040e","2018-06-18 05:22:22",0,NA,NA,NA,NA
"course-v1:MITxPRO+AMxB+1T2018","A179980","c3a17ced051f48f9aecf9ed2dba5040e","2018-06-18 05:22:22",0,NA,NA,NA,NA
"course-v1:MITxPRO+AMxB+1T2018","A179980","c3a17ced051f48f9aecf9ed2dba5040e","2018-06-18 05:22:22",0,NA,NA,NA,NA
"course-v1:MITxPRO+AMxB+1T2018","A179980","c3a17ced051f48f9aecf9ed2dba5040e","2018-06-18 05:22:22",0,NA,NA,NA,NA
"course-v1:MITxPRO+AMxB+1T2018","A179980","c3a17ced051f48f9aecf9ed2dba5040e","2018-06-18 05:22:22",0,NA,NA,NA,NA
"course-v1:MITxPRO+AMxB+1T2018","A179980","c3a17ced051f48f9aecf9ed2dba5040e","2018-06-18 05:22:22",12.2,NA,NA,NA,NA
"course-v1:MITxPRO+AMxB+1T2018","A179980","c3a17ced051f48f9aecf9ed2dba5040e","2018-06-18 05:34:34",0,NA,NA,NA,NA
"course-v1:MITxPRO+AMxB+1T2018","A179980","c3a17ced051f48f9aecf9ed2dba5040e","2018-06-18 05:34:34",0,NA,NA,NA,NA
"course-v1:MITxPRO+AMxB+1T2018","A179980","c3a17ced051f48f9aecf9ed2dba5040e","2018-06-18 05:34:34",0,NA,NA,NA,NA
"course-v1:MITxPRO+AMxB+1T2018","A179980","c3a17ced051f48f9aecf9ed2dba5040e","2018-06-18 05:34:34",0.05,NA,NA,NA,NA
"course-v1:MITxPRO+AMxB+1T2018","A179980","c3a17ced051f48f9aecf9ed2dba5040e","2018-06-18 05:34:37",0.183333333333333,NA,NA,NA,NA
"course-v1:MITxPRO+AMxB+1T2018","A179980","c3a17ced051f48f9aecf9ed2dba5040e","2018-06-18 05:34:48",0,NA,NA,NA,NA
"course-v1:MITxPRO+AMxB+1T2018","A179980","c3a17ced051f48f9aecf9ed2dba5040e","2018-06-18 05:34:48",0,NA,NA,NA,NA
"course-v1:MITxPRO+AMxB+1T2018","A179980","c3a17ced051f48f9aecf9ed2dba5040e","2018-06-18 05:34:48",0,NA,NA,NA,NA
"course-v1:MITxPRO+AMxB+1T2018","A179980","c3a17ced051f48f9aecf9ed2dba5040e","2018-06-18 05:34:48",0,NA,NA,NA,NA
"course-v1:MITxPRO+AMxB+1T2018","A179980","c3a17ced051f48f9aecf9ed2dba5040e","2018-06-18 05:34:48",0,NA,NA,NA,NA
"course-v1:MITxPRO+AMxB+1T2018","A179980","c3a17ced051f48f9aecf9ed2dba5040e","2018-06-18 05:34:48",0,NA,NA,NA,NA
"course-v1:MITxPRO+AMxB+1T2018","A179980","c3a17ced051f48f9aecf9ed2dba5040e","2018-06-18 05:34:48",0,NA,NA,NA,NA
"course-v1:MITxPRO+AMxB+1T2018","A179980","c3a17ced051f48f9aecf9ed2dba5040e","2018-06-18 05:34:48",0,NA,NA,NA,NA
"course-v1:MITxPRO+AMxB+1T2018","A179980","c3a17ced051f48f9aecf9ed2dba5040e","2018-06-18 05:34:48",0,NA,NA,NA,NA
"course-v1:MITxPRO+AMxB+1T2018","A179980","c3a17ced051f48f9aecf9ed2dba5040e","2018-06-18 05:34:48",0,NA,NA,NA,NA
"course-v1:MITxPRO+AMxB+1T2018","A179980","c3a17ced051f48f9aecf9ed2dba5040e","2018-06-18 05:34:48",0.333333333333333,NA,NA,NA,NA
"course-v1:MITxPRO+AMxB+1T2018","A179980","085d322fab7a4a70bb44caaf20312501","2018-06-19 16:30:11",0,NA,NA,NA,NA
"course-v1:MITxPRO+AMxB+1T2018","A179980","085d322fab7a4a70bb44caaf20312501","2018-06-19 16:30:11",0.0833333333333333,NA,NA,NA,NA
"course-v1:MITxPRO+AMxB+1T2018","A179980","99042009daed49118fd9cfa1616859d1","2018-06-19 16:30:16",0.183333333333333,NA,NA,NA,NA
"course-v1:MITxPRO+AMxB+1T2018","A179980","085d322fab7a4a70bb44caaf20312501","2018-06-19 16:32:00",0,NA,NA,NA,NA
"course-v1:MITxPRO+AMxB+1T2018","A179980","d23d538bd3694cc6bbb62edb0f8e5c40","2018-06-19 16:32:00",1.21666666666667,NA,NA,NA,NA
"course-v1:MITxPRO+AMxB+1T2018","A179980","1009175442a64ccabbf501eaeaf11478","2018-06-19 16:33:13",0,NA,NA,NA,NA
"course-v1:MITxPRO+AMxB+1T2018","A179980","e43187f81add4f8485884604034df855","2018-06-19 16:33:13",0,NA,NA,NA,NA
"course-v1:MITxPRO+AMxB+1T2018","A179980","d23d538bd3694cc6bbb62edb0f8e5c40","2018-06-19 16:33:13",0.0833333333333333,NA,NA,NA,NA
"course-v1:MITxPRO+AMxB+1T2018","A179980","ecff6625c4cb4231ab1992e5411e02e0","2018-06-19 16:33:33",0.05,NA,NA,NA,NA
"course-v1:MITxPRO+AMxB+1T2018","A179980","d23d538bd3694cc6bbb62edb0f8e5c40","2018-06-19 16:33:36",0.141666666666667,NA,NA,NA,NA
"course-v1:MITxPRO+AMxB+1T2018","A179980","744dad1a12a449ebbfc22c507e1e0e1f","2018-06-20 02:05:13",0,NA,NA,NA,NA
"course-v1:MITxPRO+AMxB+1T2018","A179980","744dad1a12a449ebbfc22c507e1e0e1f","2018-06-20 02:05:13",0.0333333333333333,NA,NA,NA,NA
"course-v1:MITxPRO+AMxB+1T2018","A179980","c3a17ced051f48f9aecf9ed2dba5040e","2018-06-20 02:05:15",0,NA,NA,NA,NA
"course-v1:MITxPRO+AMxB+1T2018","A179980","c3a17ced051f48f9aecf9ed2dba5040e","2018-06-20 02:05:15",0,NA,NA,NA,NA
"course-v1:MITxPRO+AMxB+1T2018","A179980","c3a17ced051f48f9aecf9ed2dba5040e","2018-06-20 02:05:15",0,NA,NA,NA,NA
"course-v1:MITxPRO+AMxB+1T2018","A179980","c3a17ced051f48f9aecf9ed2dba5040e","2018-06-20 02:05:15",0,NA,NA,NA,NA
"course-v1:MITxPRO+AMxB+1T2018","A179980","c3a17ced051f48f9aecf9ed2dba5040e","2018-06-20 02:05:15",0,NA,NA,NA,NA
"course-v1:MITxPRO+AMxB+1T2018","A179980","c3a17ced051f48f9aecf9ed2dba5040e","2018-06-20 02:05:15",0,NA,NA,NA,NA
"course-v1:MITxPRO+AMxB+1T2018","A179980","c3a17ced051f48f9aecf9ed2dba5040e","2018-06-20 02:05:15",0,NA,NA,NA,NA
"course-v1:MITxPRO+AMxB+1T2018","A179980","c3a17ced051f48f9aecf9ed2dba5040e","2018-06-20 02:05:15",0,NA,NA,NA,NA
"course-v1:MITxPRO+AMxB+1T2018","A179980","c3a17ced051f48f9aecf9ed2dba5040e","2018-06-20 02:05:15",0.7,NA,NA,NA,NA
"course-v1:MITxPRO+AMxB+1T2018","A179980","744dad1a12a449ebbfc22c507e1e0e1f","2018-06-20 02:11:22",0,NA,NA,NA,NA
"course-v1:MITxPRO+AMxB+1T2018","A179980","744dad1a12a449ebbfc22c507e1e0e1f","2018-06-20 02:11:22",0.0333333333333333,NA,NA,NA,NA
"course-v1:MITxPRO+AMxB+1T2018","A179980","c3a17ced051f48f9aecf9ed2dba5040e","2018-06-20 02:11:24",0,NA,NA,NA,NA
"course-v1:MITxPRO+AMxB+1T2018","A179980","c3a17ced051f48f9aecf9ed2dba5040e","2018-06-20 02:11:24",0,NA,NA,NA,NA
"course-v1:MITxPRO+AMxB+1T2018","A179980","c3a17ced051f48f9aecf9ed2dba5040e","2018-06-20 02:11:24",0,NA,NA,NA,NA
"course-v1:MITxPRO+AMxB+1T2018","A179980","c3a17ced051f48f9aecf9ed2dba5040e","2018-06-20 02:11:24",0,NA,NA,NA,NA
"course-v1:MITxPRO+AMxB+1T2018","A179980","c3a17ced051f48f9aecf9ed2dba5040e","2018-06-20 02:11:24",0,NA,NA,NA,NA
"course-v1:MITxPRO+AMxB+1T2018","A179980","c3a17ced051f48f9aecf9ed2dba5040e","2018-06-20 02:11:24",0,NA,NA,NA,NA
"course-v1:MITxPRO+AMxB+1T2018","A179980","c3a17ced051f48f9aecf9ed2dba5040e","2018-06-20 02:11:24",0,NA,NA,NA,NA
"course-v1:MITxPRO+AMxB+1T2018","A179980","c3a17ced051f48f9aecf9ed2dba5040e","2018-06-20 02:11:24",0,NA,NA,NA,NA
"course-v1:MITxPRO+AMxB+1T2018","A179980","c3a17ced051f48f9aecf9ed2dba5040e","2018-06-20 02:11:24",0.9,NA,NA,NA,NA
"course-v1:MITxPRO+AMxB+1T2018","A179980","744dad1a12a449ebbfc22c507e1e0e1f","2018-06-20 02:15:35",0.0166666666666667,NA,NA,NA,NA
"course-v1:MITxPRO+AMxB+1T2018","A179980","744dad1a12a449ebbfc22c507e1e0e1f","2018-06-20 02:15:36",0.0166666666666667,NA,NA,NA,NA
"course-v1:MITxPRO+AMxB+1T2018","A179980","c3a17ced051f48f9aecf9ed2dba5040e","2018-06-20 02:15:37",0,NA,NA,NA,NA
"course-v1:MITxPRO+AMxB+1T2018","A179980","c3a17ced051f48f9aecf9ed2dba5040e","2018-06-20 02:15:37",0,NA,NA,NA,NA
"course-v1:MITxPRO+AMxB+1T2018","A179980","c3a17ced051f48f9aecf9ed2dba5040e","2018-06-20 02:15:37",0,NA,NA,NA,NA
"course-v1:MITxPRO+AMxB+1T2018","A179980","c3a17ced051f48f9aecf9ed2dba5040e","2018-06-20 02:15:37",0,NA,NA,NA,NA
"course-v1:MITxPRO+AMxB+1T2018","A179980","c3a17ced051f48f9aecf9ed2dba5040e","2018-06-20 02:15:37",0,NA,NA,NA,NA
"course-v1:MITxPRO+AMxB+1T2018","A179980","c3a17ced051f48f9aecf9ed2dba5040e","2018-06-20 02:15:37",0,NA,NA,NA,NA
"course-v1:MITxPRO+AMxB+1T2018","A179980","c3a17ced051f48f9aecf9ed2dba5040e","2018-06-20 02:15:37",0,NA,NA,NA,NA
"course-v1:MITxPRO+AMxB+1T2018","A179980","c3a17ced051f48f9aecf9ed2dba5040e","2018-06-20 02:15:37",0,NA,NA,NA,NA
"course-v1:MITxPRO+AMxB+1T2018","A179980","c3a17ced051f48f9aecf9ed2dba5040e","2018-06-20 02:15:37",8.01666666666667,NA,NA,NA,NA
"course-v1:MITxPRO+AMxB+1T2018","A179980","c3a17ced051f48f9aecf9ed2dba5040e","2018-06-20 02:23:38",0,NA,NA,NA,NA
"course-v1:MITxPRO+AMxB+1T2018","A179980","c3a17ced051f48f9aecf9ed2dba5040e","2018-06-20 02:23:38",0.0166666666666667,NA,NA,NA,NA
"course-v1:MITxPRO+AMxB+1T2018","A179980","c3a17ced051f48f9aecf9ed2dba5040e","2018-06-20 02:23:39",0,NA,NA,NA,NA
"course-v1:MITxPRO+AMxB+1T2018","A179980","c3a17ced051f48f9aecf9ed2dba5040e","2018-06-20 02:23:39",0,NA,NA,NA,NA
"course-v1:MITxPRO+AMxB+1T2018","A179980","c3a17ced051f48f9aecf9ed2dba5040e","2018-06-20 02:23:39",0,NA,NA,NA,NA
"course-v1:MITxPRO+AMxB+1T2018","A179980","c3a17ced051f48f9aecf9ed2dba5040e","2018-06-20 02:23:39",0,NA,NA,NA,NA
"course-v1:MITxPRO+AMxB+1T2018","A179980","c3a17ced051f48f9aecf9ed2dba5040e","2018-06-20 02:23:39",0,NA,NA,NA,NA
"course-v1:MITxPRO+AMxB+1T2018","A179980","c3a17ced051f48f9aecf9ed2dba5040e","2018-06-20 02:23:39",0,NA,NA,NA,NA
"course-v1:MITxPRO+AMxB+1T2018","A179980","c3a17ced051f48f9aecf9ed2dba5040e","2018-06-20 02:23:39",0,NA,NA,NA,NA
"course-v1:MITxPRO+AMxB+1T2018","A179980","c3a17ced051f48f9aecf9ed2dba5040e","2018-06-20 02:23:39",0,NA,NA,NA,NA
"course-v1:MITxPRO+AMxB+1T2018","A179980","c3a17ced051f48f9aecf9ed2dba5040e","2018-06-20 02:23:39",3.98333333333333,NA,NA,NA,NA
"course-v1:MITxPRO+AMxB+1T2018","A179980","c3a17ced051f48f9aecf9ed2dba5040e","2018-06-20 02:27:38",0,NA,NA,NA,NA
"course-v1:MITxPRO+AMxB+1T2018","A179980","c3a17ced051f48f9aecf9ed2dba5040e","2018-06-20 02:27:38",0,NA,NA,NA,NA
"course-v1:MITxPRO+AMxB+1T2018","A179980","c3a17ced051f48f9aecf9ed2dba5040e","2018-06-20 02:27:38",0.0166666666666667,NA,NA,NA,NA
"course-v1:MITxPRO+AMxB+1T2018","A179980","c3a17ced051f48f9aecf9ed2dba5040e","2018-06-20 02:27:39",0,NA,NA,NA,NA
"course-v1:MITxPRO+AMxB+1T2018","A179980","c3a17ced051f48f9aecf9ed2dba5040e","2018-06-20 02:27:39",0,NA,NA,NA,NA
"course-v1:MITxPRO+AMxB+1T2018","A179980","c3a17ced051f48f9aecf9ed2dba5040e","2018-06-20 02:27:39",0.0166666666666667,NA,NA,NA,NA
"course-v1:MITxPRO+AMxB+1T2018","A179980","c3a17ced051f48f9aecf9ed2dba5040e","2018-06-20 02:27:40",0,NA,NA,NA,NA
"course-v1:MITxPRO+AMxB+1T2018","A179980","c3a17ced051f48f9aecf9ed2dba5040e","2018-06-20 02:27:40",0,NA,NA,NA,NA
"course-v1:MITxPRO+AMxB+1T2018","A179980","c3a17ced051f48f9aecf9ed2dba5040e","2018-06-20 02:27:40",0,NA,NA,NA,NA
"course-v1:MITxPRO+AMxB+1T2018","A179980","c3a17ced051f48f9aecf9ed2dba5040e","2018-06-20 02:27:40",1.23333333333333,NA,NA,NA,NA
"course-v1:MITxPRO+AMxB+1T2018","A179980","253c3d95e42f47a192997f25c3fd5881","2018-06-20 02:32:54",0.0166666666666667,NA,NA,NA,NA
"course-v1:MITxPRO+AMxB+1T2018","A179980","253c3d95e42f47a192997f25c3fd5881","2018-06-20 02:32:55",7.83333333333333,NA,NA,NA,NA
"course-v1:MITxPRO+AMxB+1T2018","A179980","253c3d95e42f47a192997f25c3fd5881","2018-06-20 02:40:45",0.133333333333333,NA,NA,NA,NA
"course-v1:MITxPRO+AMxB+1T2018","A179980","7d262be6d9b74836b47447db1b70289d","2018-06-20 02:40:53",0,NA,NA,NA,NA
"course-v1:MITxPRO+AMxB+1T2018","A179980","7d262be6d9b74836b47447db1b70289d","2018-06-20 02:40:53",0.0666666666666667,1,1,1,"correct"
"course-v1:MITxPRO+AMxB+1T2018","A179980","a0764fe284df432a93f3c3633162d815","2018-06-20 02:41:17",0,NA,NA,NA,NA
"course-v1:MITxPRO+AMxB+1T2018","A179980","a0764fe284df432a93f3c3633162d815","2018-06-20 02:41:17",0.0333333333333333,NA,NA,NA,NA
"course-v1:MITxPRO+AMxB+1T2018","A179980","ae7628ec83c642eaa51e2b9daabc5f97","2018-06-20 02:41:19",0.0833333333333333,NA,NA,NA,NA
"course-v1:MITxPRO+AMxB+1T2018","A179980","ae7628ec83c642eaa51e2b9daabc5f97","2018-06-20 02:41:24",6.16666666666667,NA,NA,NA,NA
"course-v1:MITxPRO+AMxB+1T2018","A179980","a0764fe284df432a93f3c3633162d815","2018-06-20 02:47:52",0,NA,NA,NA,NA
"course-v1:MITxPRO+AMxB+1T2018","A179980","51998570743849d09c8854a35fd0e899","2018-06-20 02:47:52",0.0833333333333333,NA,NA,NA,NA
"course-v1:MITxPRO+AMxB+1T2018","A179980","51998570743849d09c8854a35fd0e899","2018-06-20 02:47:57",8.1,NA,NA,NA,NA
